timestamp,page,full_page_calls,poly_calls,total_calls,cost_usd
2026-06-19T15:11:14,Volume_2/1_source_pages/page_242,1,7,8,0.0120
2026-06-19T15:12:23,Volume_3/1_source_pages/page_054,1,28,29,0.0435
2026-06-19T16:14:22,Volume_2/1_source_pages/page_252,1,7,8,0.0120
2026-06-19T16:15:30,Volume_3/1_source_pages/page_055,1,28,29,0.0435
2026-06-19T19:57:54,Volume_2/1_source_pages/page_252,1,7,8,0.0120
2026-06-19T19:59:06,Volume_3/1_source_pages/page_055,1,28,29,0.0435
2026-06-20T00:43:34,Volume_2/1_source_pages/page_252,1,7,8,0.0120
2026-06-20T00:44:47,Volume_3/1_source_pages/page_055,1,28,29,0.0435
2026-06-20T04:47:43,Appendix_1/0_table_of_contents/page_001,1,1,2,0.0030
2026-06-20T04:47:49,Appendix_1/0_table_of_contents/page_002,1,3,4,0.0060
2026-06-20T04:47:49,Appendix_1/1_source_pages/page_014,1,2,3,0.0045
2026-06-20T04:48:01,Appendix_1/1_source_pages/page_006,1,5,6,0.0090
2026-06-20T04:48:05,Appendix_1/1_source_pages/page_012,1,3,4,0.0060
2026-06-20T04:48:07,Appendix_1/1_source_pages/page_016,1,9,10,0.0150
2026-06-20T04:48:08,Appendix_1/1_source_pages/page_009,1,7,8,0.0120
2026-06-20T04:48:11,Appendix_1/1_source_pages/page_005,1,7,8,0.0120
2026-06-20T04:48:14,Appendix_1/1_source_pages/page_008,1,7,8,0.0120
2026-06-20T04:48:14,Appendix_1/1_source_pages/page_013,1,9,10,0.0150
2026-06-20T04:48:16,Appendix_1/1_source_pages/page_017,1,8,9,0.0135
2026-06-20T04:48:16,Appendix_1/1_source_pages/page_011,1,9,10,0.0150
2026-06-20T04:48:17,Appendix_1/1_source_pages/page_019,1,8,9,0.0135
2026-06-20T04:48:17,Appendix_1/1_source_pages/page_021,1,1,2,0.0030
2026-06-20T04:48:20,Appendix_1/1_source_pages/page_018,1,7,8,0.0120
2026-06-20T04:48:20,Appendix_1/1_source_pages/page_007,1,10,11,0.0165
2026-06-20T04:48:21,Appendix_1/1_source_pages/page_010,1,13,14,0.0210
2026-06-20T04:48:24,Appendix_1/1_source_pages/page_015,1,13,14,0.0210
2026-06-20T04:48:27,Appendix_1/1_source_pages/page_022,1,5,6,0.0090
2026-06-20T04:48:29,Appendix_1/1_source_pages/page_020,1,7,8,0.0120
2026-06-20T04:48:30,Appendix_1/1_source_pages/page_004,1,14,15,0.0225
2026-06-20T04:48:30,Appendix_1/1_source_pages/page_025,1,1,2,0.0030
2026-06-20T04:48:31,Appendix_1/1_source_pages/page_029,1,3,4,0.0060
2026-06-20T04:48:39,Appendix_1/1_source_pages/page_023,1,8,9,0.0135
2026-06-20T04:48:41,Appendix_1/1_source_pages/page_032,1,6,7,0.0105
2026-06-20T04:48:42,Appendix_1/1_source_pages/page_026,1,6,7,0.0105
2026-06-20T04:48:45,Appendix_1/1_source_pages/page_030,1,8,9,0.0135
2026-06-20T04:48:47,Appendix_1/1_source_pages/page_024,1,7,8,0.0120
2026-06-20T04:48:47,Appendix_1/1_source_pages/page_027,1,10,11,0.0165
2026-06-20T04:48:48,Appendix_1/1_source_pages/page_039,1,5,6,0.0090
2026-06-20T04:48:55,Appendix_1/1_source_pages/page_033,1,11,12,0.0180
2026-06-20T04:48:55,Appendix_1/1_source_pages/page_037,1,6,7,0.0105
2026-06-20T04:48:56,Appendix_1/1_source_pages/page_038,1,7,8,0.0120
2026-06-20T04:48:56,Appendix_1/1_source_pages/page_028,1,12,13,0.0195
2026-06-20T04:48:57,Appendix_1/1_source_pages/page_040,1,6,7,0.0105
2026-06-20T04:49:00,Appendix_1/1_source_pages/page_035,1,11,12,0.0180
2026-06-20T04:49:01,Appendix_1/1_source_pages/page_034,1,11,12,0.0180
2026-06-20T04:49:04,Appendix_1/1_source_pages/page_042,1,7,8,0.0120
2026-06-20T04:49:04,Appendix_1/1_source_pages/page_036,1,11,12,0.0180
2026-06-20T04:49:05,Appendix_1/1_source_pages/page_031,1,16,17,0.0255
2026-06-20T04:49:06,Appendix_1/1_source_pages/page_041,1,9,10,0.0150
2026-06-20T04:49:06,Appendix_2/0_table_of_contents/page_001,1,1,2,0.0030
2026-06-20T04:49:06,Appendix_1/1_source_pages/page_044,1,3,4,0.0060
2026-06-20T04:49:08,Appendix_1/2_post_pages/page_052,1,2,3,0.0045
2026-06-20T04:49:08,Appendix_1/1_source_pages/page_046,1,5,6,0.0090
2026-06-20T04:49:08,Appendix_1/1_source_pages/page_049,1,4,5,0.0075
2026-06-20T04:49:11,Appendix_1/1_source_pages/page_043,1,8,9,0.0135
2026-06-20T04:49:15,Appendix_2/0_table_of_contents/page_002,1,3,4,0.0060
2026-06-20T04:49:17,Appendix_1/1_source_pages/page_048,1,7,8,0.0120
2026-06-20T04:49:22,Appendix_1/1_source_pages/page_050,1,9,10,0.0150
2026-06-20T04:49:27,Appendix_1/1_source_pages/page_047,1,11,12,0.0180
2026-06-20T04:49:31,Appendix_1/1_source_pages/page_051,1,11,12,0.0180
2026-06-20T04:49:31,Appendix_2/1_source_pages/page_012,1,3,4,0.0060
2026-06-20T04:49:33,Appendix_1/1_source_pages/page_045,1,17,18,0.0270
2026-06-20T04:49:50,Appendix_2/0_table_of_contents/page_005,1,17,18,0.0270
2026-06-20T04:50:04,Appendix_2/1_source_pages/page_007,1,23,24,0.0360
2026-06-20T04:50:04,Appendix_2/1_source_pages/page_018,1,10,11,0.0165
2026-06-20T04:50:11,Appendix_2/1_source_pages/page_014,1,17,18,0.0270
2026-06-20T04:50:11,Appendix_2/1_source_pages/page_008,1,24,25,0.0375
2026-06-20T04:50:15,Appendix_2/1_source_pages/page_006,1,27,28,0.0420
2026-06-20T04:50:19,Appendix_2/1_source_pages/page_022,1,2,3,0.0045
2026-06-20T04:50:24,Appendix_2/1_source_pages/page_010,1,30,31,0.0465
2026-06-20T04:50:27,Appendix_2/1_source_pages/page_013,1,26,27,0.0405
2026-06-20T04:50:31,Appendix_2/1_source_pages/page_011,1,32,33,0.0495
2026-06-20T04:50:33,Appendix_2/1_source_pages/page_009,1,34,35,0.0525
2026-06-20T04:50:35,Appendix_2/1_source_pages/page_023,1,8,9,0.0135
2026-06-20T04:50:45,Appendix_2/1_source_pages/page_015,1,30,31,0.0465
2026-06-20T04:50:49,Appendix_2/1_source_pages/page_016,1,31,32,0.0480
2026-06-20T04:50:50,Appendix_2/1_source_pages/page_027,1,8,9,0.0135
2026-06-20T04:50:51,Appendix_2/1_source_pages/page_026,1,9,10,0.0150
2026-06-20T04:50:55,Appendix_2/1_source_pages/page_021,1,19,20,0.0300
2026-06-20T04:50:56,Appendix_2/1_source_pages/page_020,1,19,20,0.0300
2026-06-20T04:50:57,Appendix_2/1_source_pages/page_025,1,13,14,0.0210
2026-06-20T04:51:04,Appendix_2/1_source_pages/page_028,1,11,12,0.0180
2026-06-20T04:51:04,Appendix_2/1_source_pages/page_019,1,30,31,0.0465
2026-06-20T04:51:05,Appendix_2/1_source_pages/page_030,1,10,11,0.0165
2026-06-20T04:51:05,Appendix_2/1_source_pages/page_029,1,10,11,0.0165
2026-06-20T04:51:06,Appendix_2/1_source_pages/page_017,1,39,40,0.0600
2026-06-20T04:51:11,Appendix_2/1_source_pages/page_024,1,22,23,0.0345
2026-06-20T04:51:12,Appendix_2/1_source_pages/page_031,1,9,10,0.0150
2026-06-20T04:51:14,Appendix_2/1_source_pages/page_032,1,9,10,0.0150
2026-06-20T04:51:16,Appendix_2/1_source_pages/page_033,1,9,10,0.0150
2026-06-20T04:51:19,Appendix_2/1_source_pages/page_035,1,8,9,0.0135
2026-06-20T04:51:20,Appendix_2/1_source_pages/page_036,1,8,9,0.0135
2026-06-20T04:51:22,Appendix_2/1_source_pages/page_037,1,9,10,0.0150
2026-06-20T04:51:23,Appendix_1/0_table_of_contents/page_003,1,94,95,0.1425
2026-06-20T04:51:26,Appendix_2/1_source_pages/page_038,1,8,9,0.0135
2026-06-20T04:51:27,Appendix_2/1_source_pages/page_039,1,8,9,0.0135
2026-06-20T04:51:28,Appendix_2/1_source_pages/page_042,1,8,9,0.0135
2026-06-20T04:51:31,Appendix_2/1_source_pages/page_034,1,14,15,0.0225
2026-06-20T04:51:32,Appendix_2/1_source_pages/page_045,1,6,7,0.0105
2026-06-20T04:51:33,Appendix_2/1_source_pages/page_040,1,10,11,0.0165
2026-06-20T04:51:33,Appendix_2/1_source_pages/page_043,1,8,9,0.0135
2026-06-20T04:51:35,Appendix_2/1_source_pages/page_044,1,8,9,0.0135
2026-06-20T04:51:36,Appendix_2/1_source_pages/page_046,1,7,8,0.0120
2026-06-20T04:51:39,Appendix_2/1_source_pages/page_041,1,11,12,0.0180
2026-06-20T04:51:43,Appendix_2/1_source_pages/page_050,1,7,8,0.0120
2026-06-20T04:51:46,Appendix_2/1_source_pages/page_051,1,7,8,0.0120
2026-06-20T04:51:47,Appendix_2/1_source_pages/page_049,1,9,10,0.0150
2026-06-20T04:51:48,Appendix_2/1_source_pages/page_047,1,10,11,0.0165
2026-06-20T04:51:49,Appendix_2/1_source_pages/page_048,1,10,11,0.0165
2026-06-20T04:51:50,Appendix_2/1_source_pages/page_052,1,8,9,0.0135
2026-06-20T04:51:51,Appendix_2/1_source_pages/page_057,1,4,5,0.0075
2026-06-20T04:51:52,Appendix_2/1_source_pages/page_056,1,4,5,0.0075
2026-06-20T04:51:54,Appendix_2/0_table_of_contents/page_003,1,72,73,0.1095
2026-06-20T04:51:55,Appendix_2/1_source_pages/page_060,1,4,5,0.0075
2026-06-20T04:51:55,Appendix_2/1_source_pages/page_054,1,8,9,0.0135
2026-06-20T04:51:55,Appendix_2/1_source_pages/page_053,1,10,11,0.0165
2026-06-20T04:51:57,Appendix_2/1_source_pages/page_058,1,7,8,0.0120
2026-06-20T04:51:57,Appendix_2/1_source_pages/page_055,1,7,8,0.0120
2026-06-20T04:51:58,Appendix_2/1_source_pages/page_063,1,3,4,0.0060
2026-06-20T04:52:01,Appendix_2/1_source_pages/page_059,1,8,9,0.0135
2026-06-20T04:52:04,Appendix_2/1_source_pages/page_061,1,7,8,0.0120
2026-06-20T04:52:09,Appendix_2/1_source_pages/page_065,1,7,8,0.0120
2026-06-20T04:52:10,Appendix_2/1_source_pages/page_066,1,7,8,0.0120
2026-06-20T04:52:11,Appendix_2/1_source_pages/page_062,1,7,8,0.0120
2026-06-20T04:52:11,Appendix_2/1_source_pages/page_067,1,6,7,0.0105
2026-06-20T04:52:11,Appendix_2/2_post_pages/page_076,1,3,4,0.0060
2026-06-20T04:52:12,Appendix_2/1_source_pages/page_071,1,5,6,0.0090
2026-06-20T04:52:13,Appendix_2/1_source_pages/page_070,1,5,6,0.0090
2026-06-20T04:52:14,Appendix_2/1_source_pages/page_068,1,7,8,0.0120
2026-06-20T04:52:14,Appendix_2/0_table_of_contents/page_004,1,80,81,0.1215
2026-06-20T04:52:15,Appendix_2/1_source_pages/page_069,1,7,8,0.0120
2026-06-20T04:52:15,Appendix_3/0_table_of_contents/page_001,1,3,4,0.0060
2026-06-20T04:52:16,Appendix_2/1_source_pages/page_072,1,6,7,0.0105
2026-06-20T04:52:17,Appendix_2/1_source_pages/page_073,1,6,7,0.0105
2026-06-20T04:52:17,Appendix_2/1_source_pages/page_064,1,10,11,0.0165
2026-06-20T04:52:19,Appendix_2/1_source_pages/page_074,1,7,8,0.0120
2026-06-20T04:52:34,Appendix_3/1_source_pages/page_006,1,7,8,0.0120
2026-06-20T04:52:35,Appendix_3/1_source_pages/page_008,1,6,7,0.0105
2026-06-20T04:52:36,Appendix_3/1_source_pages/page_003,1,9,10,0.0150
2026-06-20T04:52:38,Appendix_2/1_source_pages/page_075,1,15,16,0.0240
2026-06-20T04:52:39,Appendix_3/1_source_pages/page_012,1,8,9,0.0135
2026-06-20T04:52:43,Appendix_3/1_source_pages/page_004,1,12,13,0.0195
2026-06-20T04:52:43,Appendix_3/1_source_pages/page_015,1,9,10,0.0150
2026-06-20T04:52:46,Appendix_3/1_source_pages/page_010,1,11,12,0.0180
2026-06-20T04:52:46,Appendix_3/1_source_pages/page_007,1,10,11,0.0165
2026-06-20T04:52:48,Appendix_3/1_source_pages/page_013,1,11,12,0.0180
2026-06-20T04:52:50,Appendix_3/1_source_pages/page_011,1,12,13,0.0195
2026-06-20T04:52:50,Appendix_3/1_source_pages/page_016,1,11,12,0.0180
2026-06-20T04:52:52,Appendix_3/1_source_pages/page_014,1,10,11,0.0165
2026-06-20T04:52:52,Appendix_3/1_source_pages/page_005,1,15,16,0.0240
2026-06-20T04:53:03,Appendix_3/1_source_pages/page_020,1,9,10,0.0150
2026-06-20T04:53:03,Appendix_3/1_source_pages/page_009,1,18,19,0.0285
2026-06-20T04:53:04,Appendix_3/1_source_pages/page_022,1,5,6,0.0090
2026-06-20T04:53:05,Appendix_3/1_source_pages/page_019,1,9,10,0.0150
2026-06-20T04:53:06,Appendix_3/1_source_pages/page_018,1,11,12,0.0180
2026-06-20T04:53:16,Appendix_3/1_source_pages/page_017,1,13,14,0.0210
2026-06-20T04:53:39,Appendix_3/1_source_pages/page_029,1,17,18,0.0270
2026-06-20T04:53:39,Appendix_3/1_source_pages/page_021,1,23,24,0.0360
2026-06-20T04:53:44,Appendix_3/1_source_pages/page_028,1,20,21,0.0315
2026-06-20T04:53:44,Appendix_3/1_source_pages/page_030,1,19,20,0.0300
2026-06-20T04:53:49,Appendix_3/1_source_pages/page_023,1,25,26,0.0390
2026-06-20T04:53:54,Appendix_3/1_source_pages/page_025,1,27,28,0.0420
2026-06-20T04:53:55,Appendix_3/1_source_pages/page_024,1,26,27,0.0405
2026-06-20T04:53:59,Appendix_3/1_source_pages/page_031,1,20,21,0.0315
2026-06-20T04:54:02,Appendix_3/1_source_pages/page_035,1,21,22,0.0330
2026-06-20T04:54:04,Appendix_3/1_source_pages/page_026,1,31,32,0.0480
2026-06-20T04:54:08,Appendix_3/1_source_pages/page_027,1,31,32,0.0480
2026-06-20T04:54:11,Appendix_3/1_source_pages/page_033,1,26,27,0.0405
2026-06-20T04:54:12,Appendix_3/1_source_pages/page_038,1,11,12,0.0180
2026-06-20T04:54:13,Appendix_3/1_source_pages/page_034,1,26,27,0.0405
2026-06-20T04:54:15,Appendix_3/2_post_pages/page_046,1,3,4,0.0060
2026-06-20T04:54:16,Appendix_3/1_source_pages/page_032,1,28,29,0.0435
2026-06-20T04:54:24,Volume_1/0_table_of_contents/page_001,1,5,6,0.0090
2026-06-20T04:54:32,Appendix_3/1_source_pages/page_039,1,18,19,0.0285
2026-06-20T04:54:37,Appendix_3/1_source_pages/page_036,1,32,33,0.0495
2026-06-20T04:54:46,Volume_1/1_source_pages/page_006,1,10,11,0.0165
2026-06-20T04:54:47,Appendix_3/1_source_pages/page_045,1,17,18,0.0270
2026-06-20T04:54:50,Appendix_3/0_table_of_contents/page_002,1,67,68,0.1020
2026-06-20T04:54:51,Appendix_3/1_source_pages/page_044,1,20,21,0.0315
2026-06-20T04:54:51,Appendix_3/1_source_pages/page_037,1,29,30,0.0450
2026-06-20T04:54:53,Appendix_3/1_source_pages/page_043,1,23,24,0.0360
2026-06-20T04:54:59,Appendix_3/1_source_pages/page_041,1,27,28,0.0420
2026-06-20T04:55:00,Appendix_3/1_source_pages/page_040,1,30,31,0.0465
2026-06-20T04:55:02,Volume_1/1_source_pages/page_008,1,10,11,0.0165
2026-06-20T04:55:08,Appendix_3/1_source_pages/page_042,1,30,31,0.0465
2026-06-20T04:55:10,Volume_1/1_source_pages/page_009,1,9,10,0.0150
2026-06-20T04:55:11,Volume_1/1_source_pages/page_011,1,8,9,0.0135
2026-06-20T04:55:12,Volume_1/1_source_pages/page_013,1,6,7,0.0105
2026-06-20T04:55:15,Volume_1/1_source_pages/page_012,1,8,9,0.0135
2026-06-20T04:55:21,Volume_1/1_source_pages/page_015,1,8,9,0.0135
2026-06-20T04:55:25,Volume_1/1_source_pages/page_014,1,10,11,0.0165
2026-06-20T04:55:25,Volume_1/1_source_pages/page_016,1,8,9,0.0135
2026-06-20T04:55:26,Volume_1/1_source_pages/page_017,1,7,8,0.0120
2026-06-20T04:55:27,Volume_1/1_source_pages/page_018,1,7,8,0.0120
2026-06-20T04:55:34,Volume_1/1_source_pages/page_022,1,6,7,0.0105
2026-06-20T04:55:37,Volume_1/1_source_pages/page_021,1,8,9,0.0135
2026-06-20T04:55:37,Volume_1/1_source_pages/page_019,1,10,11,0.0165
2026-06-20T04:55:43,Volume_1/1_source_pages/page_007,1,32,33,0.0495
2026-06-20T04:55:50,Volume_1/1_source_pages/page_010,1,24,25,0.0375
2026-06-20T04:55:53,Volume_1/1_source_pages/page_026,1,8,9,0.0135
2026-06-20T04:55:55,Volume_1/1_source_pages/page_030,1,4,5,0.0075
2026-06-20T04:55:56,Volume_1/1_source_pages/page_023,1,14,15,0.0225
2026-06-20T04:55:58,Volume_1/1_source_pages/page_028,1,9,10,0.0150
2026-06-20T04:56:00,Volume_1/1_source_pages/page_029,1,9,10,0.0150
2026-06-20T04:56:01,Volume_1/1_source_pages/page_020,1,19,20,0.0300
2026-06-20T04:56:04,Volume_1/1_source_pages/page_024,1,15,16,0.0240
2026-06-20T04:56:04,Volume_1/1_source_pages/page_031,1,6,7,0.0105
2026-06-20T04:56:07,Volume_1/1_source_pages/page_027,1,15,16,0.0240
2026-06-20T04:56:09,Volume_1/1_source_pages/page_032,1,6,7,0.0105
2026-06-20T04:56:09,Volume_1/1_source_pages/page_025,1,16,17,0.0255
2026-06-20T04:56:10,Volume_1/1_source_pages/page_034,1,4,5,0.0075
2026-06-20T04:56:15,Volume_1/1_source_pages/page_036,1,4,5,0.0075
2026-06-20T04:56:16,Volume_1/1_source_pages/page_033,1,7,8,0.0120
2026-06-20T04:56:19,Volume_1/1_source_pages/page_037,1,4,5,0.0075
2026-06-20T04:56:25,Volume_1/1_source_pages/page_039,1,6,7,0.0105
2026-06-20T04:56:25,Volume_1/1_source_pages/page_043,1,4,5,0.0075
2026-06-20T04:56:25,Volume_1/1_source_pages/page_041,1,4,5,0.0075
2026-06-20T04:56:26,Volume_1/1_source_pages/page_040,1,6,7,0.0105
2026-06-20T04:56:29,Volume_1/1_source_pages/page_042,1,5,6,0.0090
2026-06-20T04:56:30,Volume_1/1_source_pages/page_044,1,4,5,0.0075
2026-06-20T04:56:34,Volume_1/1_source_pages/page_046,1,4,5,0.0075
2026-06-20T04:56:37,Volume_1/1_source_pages/page_045,1,4,5,0.0075
2026-06-20T04:56:38,Volume_1/1_source_pages/page_047,1,6,7,0.0105
2026-06-20T04:56:45,Volume_1/1_source_pages/page_048,1,6,7,0.0105
2026-06-20T04:56:47,Volume_1/0_table_of_contents/page_005,1,64,65,0.0975
2026-06-20T04:56:50,Volume_1/1_source_pages/page_035,1,20,21,0.0315
2026-06-20T04:56:51,Volume_1/1_source_pages/page_051,1,4,5,0.0075
2026-06-20T04:56:51,Volume_1/1_source_pages/page_052,1,4,5,0.0075
2026-06-20T04:56:55,Volume_1/1_source_pages/page_050,1,6,7,0.0105
2026-06-20T04:56:56,Volume_1/1_source_pages/page_049,1,8,9,0.0135
2026-06-20T04:56:59,Volume_1/1_source_pages/page_038,1,22,23,0.0345
2026-06-20T04:57:01,Volume_1/1_source_pages/page_054,1,8,9,0.0135
2026-06-20T04:57:02,Volume_1/1_source_pages/page_055,1,7,8,0.0120
2026-06-20T04:57:04,Volume_1/1_source_pages/page_059,1,5,6,0.0090
2026-06-20T04:57:05,Volume_1/1_source_pages/page_053,1,5,6,0.0090
2026-06-20T04:57:06,Volume_1/1_source_pages/page_058,1,6,7,0.0105
2026-06-20T04:57:06,Volume_1/1_source_pages/page_056,1,6,7,0.0105
2026-06-20T04:57:14,Volume_1/1_source_pages/page_057,1,7,8,0.0120
2026-06-20T04:57:16,Volume_1/1_source_pages/page_063,1,6,7,0.0105
2026-06-20T04:57:17,Volume_1/1_source_pages/page_062,1,8,9,0.0135
2026-06-20T04:57:19,Volume_1/1_source_pages/page_060,1,9,10,0.0150
2026-06-20T04:57:26,Volume_1/1_source_pages/page_064,1,10,11,0.0165
2026-06-20T04:57:28,Volume_1/1_source_pages/page_061,1,12,13,0.0195
2026-06-20T04:57:29,Volume_1/1_source_pages/page_065,1,8,9,0.0135
2026-06-20T04:57:31,Volume_1/1_source_pages/page_069,1,9,10,0.0150
2026-06-20T04:57:32,Volume_1/1_source_pages/page_067,1,10,11,0.0165
2026-06-20T04:57:34,Volume_1/1_source_pages/page_068,1,10,11,0.0165
2026-06-20T04:57:36,Volume_1/1_source_pages/page_072,1,6,7,0.0105
2026-06-20T04:57:36,Volume_1/1_source_pages/page_066,1,12,13,0.0195
2026-06-20T04:57:42,Volume_1/0_table_of_contents/page_002,1,89,90,0.1350
2026-06-20T04:57:43,Volume_1/1_source_pages/page_075,1,8,9,0.0135
2026-06-20T04:57:47,Volume_1/1_source_pages/page_073,1,11,12,0.0180
2026-06-20T04:57:49,Volume_1/1_source_pages/page_074,1,10,11,0.0165
2026-06-20T04:57:57,Volume_1/0_table_of_contents/page_003,1,96,97,0.1455
2026-06-20T04:57:58,Volume_1/1_source_pages/page_079,1,6,7,0.0105
2026-06-20T04:58:00,Volume_1/1_source_pages/page_081,1,4,5,0.0075
2026-06-20T04:58:00,Volume_1/1_source_pages/page_071,1,21,22,0.0330
2026-06-20T04:58:00,Volume_1/1_source_pages/page_082,1,4,5,0.0075
2026-06-20T04:58:00,Volume_1/1_source_pages/page_080,1,4,5,0.0075
2026-06-20T04:58:02,Volume_1/1_source_pages/page_083,1,7,8,0.0120
2026-06-20T04:58:03,Volume_1/1_source_pages/page_085,1,4,5,0.0075
2026-06-20T04:58:05,Volume_1/1_source_pages/page_084,1,5,6,0.0090
2026-06-20T04:58:05,Volume_1/1_source_pages/page_077,1,12,13,0.0195
2026-06-20T04:58:05,Volume_1/1_source_pages/page_070,1,23,24,0.0360
2026-06-20T04:58:09,Volume_1/1_source_pages/page_078,1,13,14,0.0210
2026-06-20T04:58:11,Volume_1/1_source_pages/page_086,1,7,8,0.0120
2026-06-20T04:58:18,Volume_1/1_source_pages/page_076,1,14,15,0.0225
2026-06-20T04:58:20,Volume_1/1_source_pages/page_087,1,8,9,0.0135
2026-06-20T04:58:24,Volume_1/1_source_pages/page_091,1,7,8,0.0120
2026-06-20T04:58:24,Volume_1/1_source_pages/page_098,1,5,6,0.0090
2026-06-20T04:58:26,Volume_1/1_source_pages/page_096,1,6,7,0.0105
2026-06-20T04:58:27,Volume_1/1_source_pages/page_088,1,7,8,0.0120
2026-06-20T04:58:27,Volume_1/1_source_pages/page_097,1,5,6,0.0090
2026-06-20T04:58:28,Volume_1/1_source_pages/page_099,1,4,5,0.0075
2026-06-20T04:58:30,Volume_1/1_source_pages/page_095,1,7,8,0.0120
2026-06-20T04:58:32,Volume_1/1_source_pages/page_092,1,12,13,0.0195
2026-06-20T04:58:32,Volume_1/1_source_pages/page_089,1,11,12,0.0180
2026-06-20T04:58:33,Volume_1/1_source_pages/page_100,1,7,8,0.0120
2026-06-20T04:58:35,Volume_1/1_source_pages/page_094,1,12,13,0.0195
2026-06-20T04:58:35,Volume_1/1_source_pages/page_093,1,12,13,0.0195
2026-06-20T04:58:35,Volume_1/1_source_pages/page_090,1,13,14,0.0210
2026-06-20T04:58:45,Volume_1/1_source_pages/page_103,1,7,8,0.0120
2026-06-20T04:58:47,Volume_1/1_source_pages/page_101,1,9,10,0.0150
2026-06-20T04:58:48,Volume_1/1_source_pages/page_106,1,6,7,0.0105
2026-06-20T04:58:54,Volume_1/1_source_pages/page_102,1,12,13,0.0195
2026-06-20T04:58:56,Volume_1/1_source_pages/page_107,1,9,10,0.0150
2026-06-20T04:58:57,Volume_1/1_source_pages/page_105,1,9,10,0.0150
2026-06-20T04:58:59,Volume_1/1_source_pages/page_110,1,9,10,0.0150
2026-06-20T04:58:59,Volume_1/1_source_pages/page_113,1,8,9,0.0135
2026-06-20T04:59:00,Volume_1/1_source_pages/page_115,1,8,9,0.0135
2026-06-20T04:59:01,Volume_1/1_source_pages/page_112,1,8,9,0.0135
2026-06-20T04:59:03,Volume_1/1_source_pages/page_111,1,10,11,0.0165
2026-06-20T04:59:03,Volume_1/1_source_pages/page_109,1,11,12,0.0180
2026-06-20T04:59:05,Volume_1/1_source_pages/page_104,1,12,13,0.0195
2026-06-20T04:59:06,Volume_1/0_table_of_contents/page_004,1,123,124,0.1860
2026-06-20T04:59:06,Volume_1/1_source_pages/page_114,1,11,12,0.0180
2026-06-20T04:59:12,Volume_1/1_source_pages/page_108,1,16,17,0.0255
2026-06-20T04:59:12,Volume_1/1_source_pages/page_117,1,8,9,0.0135
2026-06-20T04:59:12,Volume_1/1_source_pages/page_116,1,9,10,0.0150
2026-06-20T04:59:17,Volume_1/1_source_pages/page_119,1,6,7,0.0105
2026-06-20T04:59:18,Volume_1/1_source_pages/page_118,1,8,9,0.0135
2026-06-20T04:59:20,Volume_1/1_source_pages/page_122,1,6,7,0.0105
2026-06-20T04:59:22,Volume_1/1_source_pages/page_121,1,9,10,0.0150
2026-06-20T04:59:23,Volume_1/1_source_pages/page_124,1,7,8,0.0120
2026-06-20T04:59:23,Volume_1/1_source_pages/page_126,1,5,6,0.0090
2026-06-20T04:59:24,Volume_1/1_source_pages/page_123,1,8,9,0.0135
2026-06-20T04:59:28,Volume_1/1_source_pages/page_127,1,8,9,0.0135
2026-06-20T04:59:30,Volume_1/1_source_pages/page_131,1,5,6,0.0090
2026-06-20T04:59:31,Volume_1/1_source_pages/page_120,1,13,14,0.0210
2026-06-20T04:59:32,Volume_1/1_source_pages/page_125,1,9,10,0.0150
2026-06-20T04:59:32,Volume_1/1_source_pages/page_129,1,8,9,0.0135
2026-06-20T04:59:45,Volume_1/1_source_pages/page_128,1,10,11,0.0165
2026-06-20T04:59:46,Volume_1/1_source_pages/page_137,1,4,5,0.0075
2026-06-20T04:59:48,Volume_1/1_source_pages/page_141,1,4,5,0.0075
2026-06-20T04:59:49,Volume_1/1_source_pages/page_138,1,6,7,0.0105
2026-06-20T04:59:51,Volume_1/1_source_pages/page_130,1,10,11,0.0165
2026-06-20T04:59:54,Volume_1/1_source_pages/page_132,1,12,13,0.0195
2026-06-20T04:59:55,Volume_1/1_source_pages/page_136,1,9,10,0.0150
2026-06-20T04:59:55,Volume_1/1_source_pages/page_135,1,9,10,0.0150
2026-06-20T05:00:00,Volume_1/1_source_pages/page_133,1,12,13,0.0195
2026-06-20T05:00:00,Volume_1/1_source_pages/page_142,1,4,5,0.0075
2026-06-20T05:00:00,Volume_1/1_source_pages/page_145,1,8,9,0.0135
2026-06-20T05:00:01,Volume_1/1_source_pages/page_140,1,9,10,0.0150
2026-06-20T05:00:02,Volume_1/1_source_pages/page_134,1,14,15,0.0225
2026-06-20T05:00:04,Volume_1/1_source_pages/page_139,1,11,12,0.0180
2026-06-20T05:00:07,Volume_1/1_source_pages/page_143,1,9,10,0.0150
2026-06-20T05:00:08,Volume_1/1_source_pages/page_144,1,10,11,0.0165
2026-06-20T05:00:10,Volume_1/1_source_pages/page_148,1,4,5,0.0075
2026-06-20T05:00:12,Volume_1/1_source_pages/page_150,1,5,6,0.0090
2026-06-20T05:00:14,Volume_1/1_source_pages/page_149,1,4,5,0.0075
2026-06-20T05:00:17,Volume_1/1_source_pages/page_147,1,8,9,0.0135
2026-06-20T05:00:17,Volume_1/1_source_pages/page_153,1,4,5,0.0075
2026-06-20T05:00:17,Volume_1/1_source_pages/page_156,1,5,6,0.0090
2026-06-20T05:00:21,Volume_1/1_source_pages/page_146,1,11,12,0.0180
2026-06-20T05:00:21,Volume_1/1_source_pages/page_155,1,6,7,0.0105
2026-06-20T05:00:23,Volume_1/1_source_pages/page_152,1,7,8,0.0120
2026-06-20T05:00:26,Volume_1/1_source_pages/page_159,1,5,6,0.0090
2026-06-20T05:00:31,Volume_1/1_source_pages/page_161,1,7,8,0.0120
2026-06-20T05:00:31,Volume_1/1_source_pages/page_164,1,5,6,0.0090
2026-06-20T05:00:33,Volume_1/1_source_pages/page_157,1,11,12,0.0180
2026-06-20T05:00:34,Volume_1/1_source_pages/page_154,1,8,9,0.0135
2026-06-20T05:00:34,Volume_1/1_source_pages/page_158,1,9,10,0.0150
2026-06-20T05:00:38,Volume_1/1_source_pages/page_160,1,9,10,0.0150
2026-06-20T05:00:40,Volume_1/1_source_pages/page_151,1,17,18,0.0270
2026-06-20T05:00:41,Volume_1/1_source_pages/page_163,1,8,9,0.0135
2026-06-20T05:00:42,Volume_1/1_source_pages/page_167,1,7,8,0.0120
2026-06-20T05:00:42,Volume_1/1_source_pages/page_166,1,6,7,0.0105
2026-06-20T05:00:43,Volume_1/1_source_pages/page_169,1,4,5,0.0075
2026-06-20T05:00:46,Volume_1/1_source_pages/page_162,1,11,12,0.0180
2026-06-20T05:00:46,Volume_1/1_source_pages/page_171,1,6,7,0.0105
2026-06-20T05:00:46,Volume_1/1_source_pages/page_165,1,10,11,0.0165
2026-06-20T05:00:47,Volume_1/1_source_pages/page_168,1,6,7,0.0105
2026-06-20T05:00:48,Volume_1/1_source_pages/page_170,1,4,5,0.0075
2026-06-20T05:00:53,Volume_1/1_source_pages/page_172,1,5,6,0.0090
2026-06-20T05:00:56,Volume_1/1_source_pages/page_174,1,6,7,0.0105
2026-06-20T05:00:57,Volume_1/1_source_pages/page_175,1,4,5,0.0075
2026-06-20T05:01:01,Volume_1/1_source_pages/page_173,1,5,6,0.0090
2026-06-20T05:01:03,Volume_1/1_source_pages/page_179,1,6,7,0.0105
2026-06-20T05:01:04,Volume_1/1_source_pages/page_176,1,7,8,0.0120
2026-06-20T05:01:05,Volume_1/1_source_pages/page_178,1,4,5,0.0075
2026-06-20T05:01:07,Volume_1/1_source_pages/page_177,1,4,5,0.0075
2026-06-20T05:01:14,Volume_1/1_source_pages/page_182,1,7,8,0.0120
2026-06-20T05:01:16,Volume_1/1_source_pages/page_180,1,9,10,0.0150
2026-06-20T05:01:16,Volume_1/1_source_pages/page_181,1,9,10,0.0150
2026-06-20T05:01:19,Volume_1/1_source_pages/page_187,1,7,8,0.0120
2026-06-20T05:01:19,Volume_1/1_source_pages/page_184,1,9,10,0.0150
2026-06-20T05:01:20,Volume_1/1_source_pages/page_191,1,5,6,0.0090
2026-06-20T05:01:22,Volume_1/1_source_pages/page_183,1,9,10,0.0150
2026-06-20T05:01:23,Volume_1/1_source_pages/page_185,1,11,12,0.0180
2026-06-20T05:01:26,Volume_1/1_source_pages/page_190,1,8,9,0.0135
2026-06-20T05:01:27,Volume_1/1_source_pages/page_188,1,11,12,0.0180
2026-06-20T05:01:34,Volume_1/1_source_pages/page_186,1,14,15,0.0225
2026-06-20T05:01:35,Volume_1/1_source_pages/page_189,1,12,13,0.0195
2026-06-20T05:01:35,Volume_1/1_source_pages/page_192,1,10,11,0.0165
2026-06-20T05:01:39,Volume_1/1_source_pages/page_194,1,11,12,0.0180
2026-06-20T05:01:41,Volume_1/1_source_pages/page_197,1,8,9,0.0135
2026-06-20T05:01:43,Volume_1/1_source_pages/page_196,1,8,9,0.0135
2026-06-20T05:01:44,Volume_1/1_source_pages/page_193,1,14,15,0.0225
2026-06-20T05:01:44,Volume_1/1_source_pages/page_201,1,7,8,0.0120
2026-06-20T05:01:44,Volume_1/1_source_pages/page_195,1,11,12,0.0180
2026-06-20T05:01:45,Volume_1/1_source_pages/page_203,1,4,5,0.0075
2026-06-20T05:01:48,Volume_1/1_source_pages/page_204,1,4,5,0.0075
2026-06-20T05:01:51,Volume_1/1_source_pages/page_205,1,4,5,0.0075
2026-06-20T05:01:55,Volume_1/1_source_pages/page_202,1,9,10,0.0150
2026-06-20T05:01:55,Volume_1/1_source_pages/page_200,1,11,12,0.0180
2026-06-20T05:01:57,Volume_1/1_source_pages/page_206,1,4,5,0.0075
2026-06-20T05:02:00,Volume_1/1_source_pages/page_198,1,15,16,0.0240
2026-06-20T05:02:02,Volume_1/1_source_pages/page_207,1,4,5,0.0075
2026-06-20T05:02:03,Volume_1/1_source_pages/page_208,1,4,5,0.0075
2026-06-20T05:02:05,Volume_1/1_source_pages/page_209,1,4,5,0.0075
2026-06-20T05:02:05,Volume_1/1_source_pages/page_210,1,4,5,0.0075
2026-06-20T05:02:07,Volume_1/1_source_pages/page_223,1,0,1,0.0015
2026-06-20T05:02:08,Volume_1/1_source_pages/page_199,1,17,18,0.0270
2026-06-20T05:02:11,Volume_1/1_source_pages/page_211,1,5,6,0.0090
2026-06-20T05:02:11,Volume_1/1_source_pages/page_215,1,6,7,0.0105
2026-06-20T05:02:11,Volume_1/1_source_pages/page_217,1,6,7,0.0105
2026-06-20T05:02:13,Volume_1/1_source_pages/page_213,1,4,5,0.0075
2026-06-20T05:02:13,Volume_1/1_source_pages/page_214,1,4,5,0.0075
2026-06-20T05:02:15,Volume_1/1_source_pages/page_212,1,5,6,0.0090
2026-06-20T05:02:24,Volume_1/1_source_pages/page_222,1,7,8,0.0120
2026-06-20T05:02:26,Volume_1/1_source_pages/page_221,1,4,5,0.0075
2026-06-20T05:02:27,Volume_1/1_source_pages/page_216,1,11,12,0.0180
2026-06-20T05:02:31,Volume_1/1_source_pages/page_225,1,9,10,0.0150
2026-06-20T05:02:33,Volume_1/1_source_pages/page_220,1,10,11,0.0165
2026-06-20T05:02:33,Volume_1/1_source_pages/page_218,1,14,15,0.0225
2026-06-20T05:02:34,Volume_1/1_source_pages/page_226,1,8,9,0.0135
2026-06-20T05:02:36,Volume_1/1_source_pages/page_219,1,15,16,0.0240
2026-06-20T05:02:38,Volume_1/1_source_pages/page_224,1,11,12,0.0180
2026-06-20T05:02:42,Volume_1/1_source_pages/page_230,1,10,11,0.0165
2026-06-20T05:02:47,Volume_1/1_source_pages/page_227,1,12,13,0.0195
2026-06-20T05:02:49,Volume_1/1_source_pages/page_231,1,13,14,0.0210
2026-06-20T05:02:50,Volume_1/1_source_pages/page_229,1,14,15,0.0225
2026-06-20T05:02:52,Volume_1/1_source_pages/page_235,1,8,9,0.0135
2026-06-20T05:02:53,Volume_1/1_source_pages/page_238,1,5,6,0.0090
2026-06-20T05:02:58,Volume_1/1_source_pages/page_228,1,17,18,0.0270
2026-06-20T05:02:59,Volume_1/1_source_pages/page_236,1,11,12,0.0180
2026-06-20T05:03:00,Volume_1/1_source_pages/page_234,1,11,12,0.0180
2026-06-20T05:03:01,Volume_1/1_source_pages/page_241,1,7,8,0.0120
2026-06-20T05:03:05,Volume_1/1_source_pages/page_233,1,17,18,0.0270
2026-06-20T05:03:05,Volume_1/1_source_pages/page_237,1,9,10,0.0150
2026-06-20T05:03:09,Volume_1/1_source_pages/page_239,1,10,11,0.0165
2026-06-20T05:03:12,Volume_1/1_source_pages/page_246,1,7,8,0.0120
2026-06-20T05:03:12,Volume_1/1_source_pages/page_240,1,12,13,0.0195
2026-06-20T05:03:17,Volume_1/1_source_pages/page_244,1,9,10,0.0150
2026-06-20T05:03:19,Volume_1/1_source_pages/page_245,1,10,11,0.0165
2026-06-20T05:03:21,Volume_1/1_source_pages/page_232,1,24,25,0.0375
2026-06-20T05:03:23,Volume_1/1_source_pages/page_254,1,4,5,0.0075
2026-06-20T05:03:24,Volume_1/1_source_pages/page_242,1,16,17,0.0255
2026-06-20T05:03:28,Volume_1/1_source_pages/page_243,1,16,17,0.0255
2026-06-20T05:03:34,Volume_1/1_source_pages/page_248,1,16,17,0.0255
2026-06-20T05:03:37,Volume_1/1_source_pages/page_258,1,6,7,0.0105
2026-06-20T05:03:38,Volume_1/1_source_pages/page_257,1,9,10,0.0150
2026-06-20T05:03:39,Volume_1/1_source_pages/page_256,1,8,9,0.0135
2026-06-20T05:03:46,Volume_1/1_source_pages/page_250,1,16,17,0.0255
2026-06-20T05:03:48,Volume_1/1_source_pages/page_260,1,9,10,0.0150
2026-06-20T05:03:50,Volume_1/1_source_pages/page_252,1,19,20,0.0300
2026-06-20T05:03:53,Volume_1/1_source_pages/page_251,1,19,20,0.0300
2026-06-20T05:03:53,Volume_1/1_source_pages/page_247,1,24,25,0.0375
2026-06-20T05:03:55,Volume_1/1_source_pages/page_262,1,10,11,0.0165
2026-06-20T05:04:00,Volume_1/1_source_pages/page_253,1,22,23,0.0345
2026-06-20T05:04:01,Volume_1/1_source_pages/page_259,1,16,17,0.0255
2026-06-20T05:04:02,Volume_1/1_source_pages/page_269,1,4,5,0.0075
2026-06-20T05:04:02,Volume_1/1_source_pages/page_264,1,10,11,0.0165
2026-06-20T05:04:03,Volume_1/1_source_pages/page_265,1,9,10,0.0150
2026-06-20T05:04:04,Volume_1/1_source_pages/page_267,1,8,9,0.0135
2026-06-20T05:04:06,Volume_1/1_source_pages/page_268,1,4,5,0.0075
2026-06-20T05:04:07,Volume_1/1_source_pages/page_261,1,16,17,0.0255
2026-06-20T05:04:10,Volume_1/1_source_pages/page_249,1,20,21,0.0315
2026-06-20T05:04:10,Volume_1/1_source_pages/page_271,1,5,6,0.0090
2026-06-20T05:04:12,Volume_1/1_source_pages/page_272,1,4,5,0.0075
2026-06-20T05:04:12,Volume_1/1_source_pages/page_263,1,16,17,0.0255
2026-06-20T05:04:12,Volume_1/1_source_pages/page_273,1,4,5,0.0075
2026-06-20T05:04:17,Volume_1/1_source_pages/page_274,1,4,5,0.0075
2026-06-20T05:04:17,Volume_1/1_source_pages/page_278,1,3,4,0.0060
2026-06-20T05:04:18,Volume_1/1_source_pages/page_277,1,4,5,0.0075
2026-06-20T05:04:20,Volume_2/0_table_of_contents/page_001,1,4,5,0.0075
2026-06-20T05:04:22,Volume_1/1_source_pages/page_255,1,28,29,0.0435
2026-06-20T05:04:29,Volume_1/1_source_pages/page_276,1,6,7,0.0105
2026-06-20T05:04:31,Volume_1/1_source_pages/page_266,1,18,19,0.0285
2026-06-20T05:04:32,Volume_1/1_source_pages/page_275,1,7,8,0.0120
2026-06-20T05:04:33,Volume_1/1_source_pages/page_270,1,14,15,0.0225
2026-06-20T05:04:36,Volume_1/2_post_pages/page_280,1,11,12,0.0180
2026-06-20T05:04:41,Volume_1/1_source_pages/page_279,1,14,15,0.0225
2026-06-20T05:05:06,Volume_2/1_source_pages/page_012,1,13,14,0.0210
2026-06-20T05:05:07,Volume_2/1_source_pages/page_014,1,13,14,0.0210
2026-06-20T05:05:07,Volume_2/1_source_pages/page_015,1,12,13,0.0195
2026-06-20T05:05:09,Volume_2/1_source_pages/page_016,1,12,13,0.0195
2026-06-20T05:05:11,Volume_2/1_source_pages/page_011,1,17,18,0.0270
2026-06-20T05:05:12,Volume_2/1_source_pages/page_017,1,11,12,0.0180
2026-06-20T05:05:22,Volume_2/1_source_pages/page_013,1,19,20,0.0300
2026-06-20T05:05:38,Volume_2/1_source_pages/page_020,1,11,12,0.0180
2026-06-20T05:05:38,Volume_2/1_source_pages/page_019,1,11,12,0.0180
2026-06-20T05:05:39,Volume_2/1_source_pages/page_018,1,12,13,0.0195
2026-06-20T05:05:47,Volume_2/1_source_pages/page_021,1,13,14,0.0210
2026-06-20T05:05:51,Volume_2/1_source_pages/page_023,1,14,15,0.0225
2026-06-20T05:05:53,Volume_2/1_source_pages/page_024,1,11,12,0.0180
2026-06-20T05:06:05,Volume_2/1_source_pages/page_022,1,21,22,0.0330
2026-06-20T05:06:07,Volume_2/1_source_pages/page_025,1,10,11,0.0165
2026-06-20T05:06:14,Volume_2/1_source_pages/page_027,1,11,12,0.0180
2026-06-20T05:06:19,Volume_2/0_table_of_contents/page_010,1,50,51,0.0765
2026-06-20T05:06:21,Volume_2/1_source_pages/page_030,1,9,10,0.0150
2026-06-20T05:06:23,Volume_2/1_source_pages/page_029,1,11,12,0.0180
2026-06-20T05:06:31,Volume_2/1_source_pages/page_028,1,13,14,0.0210
2026-06-20T05:06:34,Volume_2/1_source_pages/page_032,1,9,10,0.0150
2026-06-20T05:06:35,Volume_2/1_source_pages/page_026,1,21,22,0.0330
2026-06-20T05:06:41,Volume_2/1_source_pages/page_031,1,11,12,0.0180
2026-06-20T05:06:44,Volume_2/1_source_pages/page_035,1,8,9,0.0135
2026-06-20T05:06:50,Volume_2/1_source_pages/page_034,1,9,10,0.0150
2026-06-20T05:06:54,Volume_2/1_source_pages/page_033,1,14,15,0.0225
2026-06-20T05:06:55,Volume_2/1_source_pages/page_036,1,9,10,0.0150
2026-06-20T05:07:01,Volume_2/1_source_pages/page_040,1,7,8,0.0120
2026-06-20T05:07:03,Volume_2/1_source_pages/page_037,1,10,11,0.0165
2026-06-20T05:07:08,Volume_2/1_source_pages/page_038,1,11,12,0.0180
2026-06-20T05:07:11,Volume_2/0_table_of_contents/page_009,1,73,74,0.1110
2026-06-20T05:07:12,Volume_2/1_source_pages/page_039,1,12,13,0.0195
2026-06-20T05:07:15,Volume_2/1_source_pages/page_041,1,11,12,0.0180
2026-06-20T05:07:23,Volume_2/0_table_of_contents/page_008,1,79,80,0.1200
2026-06-20T05:07:24,Volume_2/1_source_pages/page_043,1,11,12,0.0180
2026-06-20T05:07:24,Volume_2/0_table_of_contents/page_006,1,81,82,0.1230
2026-06-20T05:07:29,Volume_2/1_source_pages/page_044,1,13,14,0.0210
2026-06-20T05:07:36,Volume_2/0_table_of_contents/page_005,1,86,87,0.1305
2026-06-20T05:07:37,Volume_2/1_source_pages/page_042,1,16,17,0.0255
2026-06-20T05:07:37,Volume_2/1_source_pages/page_046,1,12,13,0.0195
2026-06-20T05:07:39,Volume_2/1_source_pages/page_045,1,13,14,0.0210
2026-06-20T05:07:41,Volume_2/0_table_of_contents/page_007,1,87,88,0.1320
2026-06-20T05:07:44,Volume_2/1_source_pages/page_049,1,12,13,0.0195
2026-06-20T05:07:46,Volume_2/1_source_pages/page_048,1,12,13,0.0195
2026-06-20T05:07:51,Volume_2/0_table_of_contents/page_004,1,94,95,0.1425
2026-06-20T05:07:54,Volume_2/1_source_pages/page_051,1,11,12,0.0180
2026-06-20T05:07:56,Volume_2/1_source_pages/page_047,1,18,19,0.0285
2026-06-20T05:07:57,Volume_2/1_source_pages/page_053,1,12,13,0.0195
2026-06-20T05:07:59,Volume_2/1_source_pages/page_054,1,9,10,0.0150
2026-06-20T05:08:02,Volume_2/1_source_pages/page_052,1,14,15,0.0225
2026-06-20T05:08:06,Volume_2/1_source_pages/page_058,1,9,10,0.0150
2026-06-20T05:08:07,Volume_2/1_source_pages/page_055,1,8,9,0.0135
2026-06-20T05:08:07,Volume_2/1_source_pages/page_060,1,8,9,0.0135
2026-06-20T05:08:14,Volume_2/1_source_pages/page_059,1,11,12,0.0180
2026-06-20T05:08:15,Volume_2/1_source_pages/page_057,1,13,14,0.0210
2026-06-20T05:08:15,Volume_2/1_source_pages/page_061,1,10,11,0.0165
2026-06-20T05:08:15,Volume_2/1_source_pages/page_056,1,13,14,0.0210
2026-06-20T05:08:16,Volume_2/1_source_pages/page_062,1,8,9,0.0135
2026-06-20T05:08:16,Volume_2/1_source_pages/page_050,1,24,25,0.0375
2026-06-20T05:08:18,Volume_2/0_table_of_contents/page_002,1,107,108,0.1620
2026-06-20T05:08:21,Volume_2/1_source_pages/page_066,1,7,8,0.0120
2026-06-20T05:08:26,Volume_2/1_source_pages/page_064,1,10,11,0.0165
2026-06-20T05:08:30,Volume_2/1_source_pages/page_065,1,12,13,0.0195
2026-06-20T05:08:32,Volume_2/1_source_pages/page_067,1,9,10,0.0150
2026-06-20T05:08:38,Volume_2/1_source_pages/page_063,1,16,17,0.0255
2026-06-20T05:08:39,Volume_2/1_source_pages/page_068,1,10,11,0.0165
2026-06-20T05:08:39,Volume_2/1_source_pages/page_069,1,9,10,0.0150
2026-06-20T05:08:45,Volume_2/1_source_pages/page_073,1,11,12,0.0180
2026-06-20T05:08:48,Volume_2/1_source_pages/page_072,1,11,12,0.0180
2026-06-20T05:08:48,Volume_2/1_source_pages/page_074,1,12,13,0.0195
2026-06-20T05:08:48,Volume_2/1_source_pages/page_075,1,12,13,0.0195
2026-06-20T05:08:52,Volume_2/1_source_pages/page_078,1,10,11,0.0165
2026-06-20T05:08:57,Volume_2/0_table_of_contents/page_003,1,124,125,0.1875
2026-06-20T05:08:59,Volume_2/1_source_pages/page_070,1,19,20,0.0300
2026-06-20T05:09:00,Volume_2/1_source_pages/page_071,1,18,19,0.0285
2026-06-20T05:09:01,Volume_2/1_source_pages/page_079,1,12,13,0.0195
2026-06-20T05:09:02,Volume_2/1_source_pages/page_077,1,17,18,0.0270
2026-06-20T05:09:02,Volume_2/1_source_pages/page_076,1,17,18,0.0270
2026-06-20T05:09:04,Volume_2/1_source_pages/page_082,1,9,10,0.0150
2026-06-20T05:09:05,Volume_2/1_source_pages/page_080,1,12,13,0.0195
2026-06-20T05:09:10,Volume_2/1_source_pages/page_083,1,11,12,0.0180
2026-06-20T05:09:12,Volume_2/1_source_pages/page_081,1,14,15,0.0225
2026-06-20T05:09:16,Volume_2/1_source_pages/page_084,1,12,13,0.0195
2026-06-20T05:09:16,Volume_2/1_source_pages/page_088,1,10,11,0.0165
2026-06-20T05:09:18,Volume_2/1_source_pages/page_092,1,4,5,0.0075
2026-06-20T05:09:19,Volume_2/1_source_pages/page_089,1,9,10,0.0150
2026-06-20T05:09:21,Volume_2/1_source_pages/page_087,1,12,13,0.0195
2026-06-20T05:09:22,Volume_2/1_source_pages/page_093,1,5,6,0.0090
2026-06-20T05:09:26,Volume_2/1_source_pages/page_091,1,6,7,0.0105
2026-06-20T05:09:27,Volume_2/1_source_pages/page_090,1,8,9,0.0135
2026-06-20T05:09:27,Volume_2/1_source_pages/page_086,1,15,16,0.0240
2026-06-20T05:09:31,Volume_2/1_source_pages/page_094,1,8,9,0.0135
2026-06-20T05:09:31,Volume_2/1_source_pages/page_085,1,17,18,0.0270
2026-06-20T05:09:32,Volume_2/1_source_pages/page_098,1,6,7,0.0105
2026-06-20T05:09:32,Volume_2/1_source_pages/page_095,1,6,7,0.0105
2026-06-20T05:09:36,Volume_2/1_source_pages/page_096,1,8,9,0.0135
2026-06-20T05:09:38,Volume_2/1_source_pages/page_099,1,8,9,0.0135
2026-06-20T05:09:38,Volume_2/1_source_pages/page_097,1,9,10,0.0150
2026-06-20T05:09:47,Volume_2/1_source_pages/page_104,1,9,10,0.0150
2026-06-20T05:09:51,Volume_2/1_source_pages/page_101,1,12,13,0.0195
2026-06-20T05:09:52,Volume_2/1_source_pages/page_105,1,10,11,0.0165
2026-06-20T05:09:54,Volume_2/1_source_pages/page_107,1,8,9,0.0135
2026-06-20T05:09:55,Volume_2/1_source_pages/page_102,1,12,13,0.0195
2026-06-20T05:09:56,Volume_2/1_source_pages/page_108,1,9,10,0.0150
2026-06-20T05:09:56,Volume_2/1_source_pages/page_103,1,12,13,0.0195
2026-06-20T05:09:59,Volume_2/1_source_pages/page_112,1,9,10,0.0150
2026-06-20T05:10:00,Volume_2/1_source_pages/page_106,1,12,13,0.0195
2026-06-20T05:10:02,Volume_2/1_source_pages/page_114,1,8,9,0.0135
2026-06-20T05:10:03,Volume_2/1_source_pages/page_111,1,10,11,0.0165
2026-06-20T05:10:06,Volume_2/1_source_pages/page_113,1,10,11,0.0165
2026-06-20T05:10:08,Volume_2/1_source_pages/page_109,1,10,11,0.0165
2026-06-20T05:10:09,Volume_2/1_source_pages/page_100,1,19,20,0.0300
2026-06-20T05:10:10,Volume_2/1_source_pages/page_115,1,9,10,0.0150
2026-06-20T05:10:12,Volume_2/1_source_pages/page_116,1,8,9,0.0135
2026-06-20T05:10:13,Volume_2/1_source_pages/page_110,1,12,13,0.0195
2026-06-20T05:10:19,Volume_2/1_source_pages/page_118,1,9,10,0.0150
2026-06-20T05:10:19,Volume_2/1_source_pages/page_117,1,10,11,0.0165
2026-06-20T05:10:23,Volume_2/1_source_pages/page_121,1,9,10,0.0150
2026-06-20T05:10:25,Volume_2/1_source_pages/page_120,1,10,11,0.0165
2026-06-20T05:10:26,Volume_2/1_source_pages/page_119,1,11,12,0.0180
2026-06-20T05:10:26,Volume_2/1_source_pages/page_123,1,9,10,0.0150
2026-06-20T05:10:31,Volume_2/1_source_pages/page_122,1,11,12,0.0180
2026-06-20T05:10:35,Volume_2/1_source_pages/page_128,1,8,9,0.0135
2026-06-20T05:10:36,Volume_2/1_source_pages/page_130,1,7,8,0.0120
2026-06-20T05:10:37,Volume_2/1_source_pages/page_126,1,11,12,0.0180
2026-06-20T05:10:39,Volume_2/1_source_pages/page_132,1,8,9,0.0135
2026-06-20T05:10:39,Volume_2/1_source_pages/page_125,1,12,13,0.0195
2026-06-20T05:10:41,Volume_2/1_source_pages/page_129,1,10,11,0.0165
2026-06-20T05:10:42,Volume_2/1_source_pages/page_127,1,13,14,0.0210
2026-06-20T05:10:45,Volume_2/1_source_pages/page_131,1,9,10,0.0150
2026-06-20T05:10:48,Volume_2/1_source_pages/page_124,1,18,19,0.0285
2026-06-20T05:10:50,Volume_2/1_source_pages/page_134,1,11,12,0.0180
2026-06-20T05:10:51,Volume_2/1_source_pages/page_133,1,11,12,0.0180
2026-06-20T05:10:53,Volume_2/1_source_pages/page_135,1,10,11,0.0165
2026-06-20T05:10:55,Volume_2/1_source_pages/page_138,1,8,9,0.0135
2026-06-20T05:10:58,Volume_2/1_source_pages/page_137,1,10,11,0.0165
2026-06-20T05:10:59,Volume_2/1_source_pages/page_136,1,12,13,0.0195
2026-06-20T05:11:00,Volume_2/1_source_pages/page_140,1,9,10,0.0150
2026-06-20T05:11:00,Volume_2/1_source_pages/page_144,1,6,7,0.0105
2026-06-20T05:11:02,Volume_2/1_source_pages/page_145,1,5,6,0.0090
2026-06-20T05:11:05,Volume_2/1_source_pages/page_143,1,8,9,0.0135
2026-06-20T05:11:07,Volume_2/1_source_pages/page_141,1,10,11,0.0165
2026-06-20T05:11:07,Volume_2/1_source_pages/page_146,1,7,8,0.0120
2026-06-20T05:11:09,Volume_2/1_source_pages/page_142,1,10,11,0.0165
2026-06-20T05:11:09,Volume_2/1_source_pages/page_149,1,5,6,0.0090
2026-06-20T05:11:13,Volume_2/1_source_pages/page_147,1,10,11,0.0165
2026-06-20T05:11:15,Volume_2/1_source_pages/page_148,1,8,9,0.0135
2026-06-20T05:11:20,Volume_2/1_source_pages/page_152,1,6,7,0.0105
2026-06-20T05:11:23,Volume_2/1_source_pages/page_139,1,19,20,0.0300
2026-06-20T05:11:24,Volume_2/1_source_pages/page_150,1,11,12,0.0180
2026-06-20T05:11:26,Volume_2/1_source_pages/page_151,1,9,10,0.0150
2026-06-20T05:11:26,Volume_2/1_source_pages/page_155,1,8,9,0.0135
2026-06-20T05:11:26,Volume_2/1_source_pages/page_153,1,8,9,0.0135
2026-06-20T05:11:31,Volume_2/1_source_pages/page_154,1,10,11,0.0165
2026-06-20T05:11:31,Volume_2/1_source_pages/page_162,1,7,8,0.0120
2026-06-20T05:11:36,Volume_2/1_source_pages/page_165,1,5,6,0.0090
2026-06-20T05:11:38,Volume_2/1_source_pages/page_163,1,8,9,0.0135
2026-06-20T05:11:38,Volume_2/1_source_pages/page_156,1,12,13,0.0195
2026-06-20T05:11:43,Volume_2/1_source_pages/page_160,1,12,13,0.0195
2026-06-20T05:11:44,Volume_2/1_source_pages/page_159,1,13,14,0.0210
2026-06-20T05:11:44,Volume_2/1_source_pages/page_161,1,12,13,0.0195
2026-06-20T05:11:48,Volume_2/1_source_pages/page_164,1,11,12,0.0180
2026-06-20T05:11:51,Volume_2/1_source_pages/page_158,1,17,18,0.0270
2026-06-20T05:11:52,Volume_2/1_source_pages/page_170,1,7,8,0.0120
2026-06-20T05:11:54,Volume_2/1_source_pages/page_173,1,5,6,0.0090
2026-06-20T05:11:54,Volume_2/1_source_pages/page_172,1,6,7,0.0105
2026-06-20T05:11:54,Volume_2/1_source_pages/page_167,1,11,12,0.0180
2026-06-20T05:11:58,Volume_2/1_source_pages/page_174,1,4,5,0.0075
2026-06-20T05:11:58,Volume_2/1_source_pages/page_169,1,10,11,0.0165
2026-06-20T05:11:58,Volume_2/1_source_pages/page_168,1,12,13,0.0195
2026-06-20T05:12:02,Volume_2/1_source_pages/page_179,1,4,5,0.0075
2026-06-20T05:12:03,Volume_2/1_source_pages/page_157,1,21,22,0.0330
2026-06-20T05:12:04,Volume_2/1_source_pages/page_175,1,7,8,0.0120
2026-06-20T05:12:04,Volume_2/1_source_pages/page_166,1,14,15,0.0225
2026-06-20T05:12:09,Volume_2/1_source_pages/page_180,1,5,6,0.0090
2026-06-20T05:12:13,Volume_2/1_source_pages/page_171,1,15,16,0.0240
2026-06-20T05:12:15,Volume_2/1_source_pages/page_182,1,5,6,0.0090
2026-06-20T05:12:15,Volume_2/1_source_pages/page_178,1,9,10,0.0150
2026-06-20T05:12:16,Volume_2/1_source_pages/page_176,1,8,9,0.0135
2026-06-20T05:12:16,Volume_2/1_source_pages/page_181,1,7,8,0.0120
2026-06-20T05:12:18,Volume_2/1_source_pages/page_184,1,8,9,0.0135
2026-06-20T05:12:19,Volume_2/1_source_pages/page_186,1,6,7,0.0105
2026-06-20T05:12:23,Volume_2/1_source_pages/page_191,1,5,6,0.0090
2026-06-20T05:12:25,Volume_2/1_source_pages/page_183,1,10,11,0.0165
2026-06-20T05:12:26,Volume_2/1_source_pages/page_188,1,8,9,0.0135
2026-06-20T05:12:28,Volume_2/1_source_pages/page_185,1,9,10,0.0150
2026-06-20T05:12:29,Volume_2/1_source_pages/page_189,1,9,10,0.0150
2026-06-20T05:12:33,Volume_2/1_source_pages/page_190,1,9,10,0.0150
2026-06-20T05:12:35,Volume_2/1_source_pages/page_192,1,9,10,0.0150
2026-06-20T05:12:40,Volume_2/1_source_pages/page_193,1,9,10,0.0150
2026-06-20T05:12:41,Volume_2/1_source_pages/page_194,1,9,10,0.0150
2026-06-20T05:12:46,Volume_2/1_source_pages/page_202,1,6,7,0.0105
2026-06-20T05:12:46,Volume_2/1_source_pages/page_204,1,5,6,0.0090
2026-06-20T05:12:50,Volume_2/1_source_pages/page_200,1,9,10,0.0150
2026-06-20T05:12:53,Volume_2/1_source_pages/page_197,1,13,14,0.0210
2026-06-20T05:12:53,Volume_2/1_source_pages/page_199,1,12,13,0.0195
2026-06-20T05:12:54,Volume_2/1_source_pages/page_206,1,6,7,0.0105
2026-06-20T05:12:54,Volume_2/1_source_pages/page_177,1,27,28,0.0420
2026-06-20T05:12:54,Volume_2/1_source_pages/page_201,1,9,10,0.0150
2026-06-20T05:13:00,Volume_2/1_source_pages/page_196,1,16,17,0.0255
2026-06-20T05:13:00,Volume_2/1_source_pages/page_203,1,9,10,0.0150
2026-06-20T05:13:00,Volume_2/1_source_pages/page_208,1,5,6,0.0090
2026-06-20T05:13:02,Volume_2/1_source_pages/page_187,1,24,25,0.0375
2026-06-20T05:13:02,Volume_2/1_source_pages/page_205,1,9,10,0.0150
2026-06-20T05:13:07,Volume_2/1_source_pages/page_198,1,18,19,0.0285
2026-06-20T05:13:11,Volume_2/1_source_pages/page_210,1,4,5,0.0075
2026-06-20T05:13:13,Volume_2/1_source_pages/page_211,1,4,5,0.0075
2026-06-20T05:13:14,Volume_2/1_source_pages/page_207,1,9,10,0.0150
2026-06-20T05:13:16,Volume_2/1_source_pages/page_216,1,6,7,0.0105
2026-06-20T05:13:18,Volume_2/1_source_pages/page_212,1,7,8,0.0120
2026-06-20T05:13:20,Volume_2/1_source_pages/page_195,1,14,15,0.0225
2026-06-20T05:13:20,Volume_2/1_source_pages/page_214,1,5,6,0.0090
2026-06-20T05:13:21,Volume_2/1_source_pages/page_217,1,7,8,0.0120
2026-06-20T05:13:22,Volume_2/1_source_pages/page_219,1,6,7,0.0105
2026-06-20T05:13:22,Volume_2/1_source_pages/page_215,1,4,5,0.0075
2026-06-20T05:13:23,Volume_2/1_source_pages/page_209,1,9,10,0.0150
2026-06-20T05:13:30,Volume_2/1_source_pages/page_221,1,8,9,0.0135
2026-06-20T05:13:31,Volume_2/1_source_pages/page_220,1,7,8,0.0120
2026-06-20T05:13:32,Volume_2/1_source_pages/page_213,1,10,11,0.0165
2026-06-20T05:13:34,Volume_2/1_source_pages/page_222,1,9,10,0.0150
2026-06-20T05:13:35,Volume_2/1_source_pages/page_225,1,4,5,0.0075
2026-06-20T05:13:42,Volume_2/1_source_pages/page_228,1,6,7,0.0105
2026-06-20T05:13:42,Volume_2/1_source_pages/page_223,1,10,11,0.0165
2026-06-20T05:13:49,Volume_2/1_source_pages/page_226,1,10,11,0.0165
2026-06-20T05:13:50,Volume_2/1_source_pages/page_230,1,9,10,0.0150
2026-06-20T05:13:50,Volume_2/1_source_pages/page_227,1,9,10,0.0150
2026-06-20T05:13:50,Volume_2/1_source_pages/page_233,1,7,8,0.0120
2026-06-20T05:13:51,Volume_2/1_source_pages/page_224,1,10,11,0.0165
2026-06-20T05:13:54,Volume_2/1_source_pages/page_235,1,6,7,0.0105
2026-06-20T05:13:57,Volume_2/1_source_pages/page_232,1,9,10,0.0150
2026-06-20T05:13:58,Volume_2/1_source_pages/page_231,1,13,14,0.0210
2026-06-20T05:14:00,Volume_2/1_source_pages/page_229,1,14,15,0.0225
2026-06-20T05:14:02,Volume_2/1_source_pages/page_239,1,5,6,0.0090
2026-06-20T05:14:02,Volume_2/1_source_pages/page_234,1,9,10,0.0150
2026-06-20T05:14:04,Volume_2/1_source_pages/page_218,1,21,22,0.0330
2026-06-20T05:14:05,Volume_2/1_source_pages/page_238,1,9,10,0.0150
2026-06-20T05:14:09,Volume_2/1_source_pages/page_243,1,5,6,0.0090
2026-06-20T05:14:09,Volume_2/1_source_pages/page_237,1,10,11,0.0165
2026-06-20T05:14:09,Volume_2/1_source_pages/page_236,1,10,11,0.0165
2026-06-20T05:14:10,Volume_2/1_source_pages/page_240,1,9,10,0.0150
2026-06-20T05:14:12,Volume_2/1_source_pages/page_244,1,7,8,0.0120
2026-06-20T05:14:13,Volume_2/1_source_pages/page_241,1,5,6,0.0090
2026-06-20T05:14:23,Volume_2/1_source_pages/page_242,1,9,10,0.0150
2026-06-20T05:14:23,Volume_2/1_source_pages/page_251,1,6,7,0.0105
2026-06-20T05:14:25,Volume_2/1_source_pages/page_246,1,11,12,0.0180
2026-06-20T05:14:25,Volume_2/1_source_pages/page_245,1,10,11,0.0165
2026-06-20T05:14:27,Volume_2/1_source_pages/page_254,1,7,8,0.0120
2026-06-20T05:14:30,Volume_2/1_source_pages/page_253,1,6,7,0.0105
2026-06-20T05:14:32,Volume_2/1_source_pages/page_248,1,12,13,0.0195
2026-06-20T05:14:35,Volume_2/1_source_pages/page_250,1,9,10,0.0150
2026-06-20T05:14:35,Volume_2/1_source_pages/page_255,1,8,9,0.0135
2026-06-20T05:14:35,Volume_2/1_source_pages/page_256,1,9,10,0.0150
2026-06-20T05:14:36,Volume_2/1_source_pages/page_249,1,12,13,0.0195
2026-06-20T05:14:40,Volume_2/1_source_pages/page_258,1,8,9,0.0135
2026-06-20T05:14:40,Volume_2/1_source_pages/page_247,1,14,15,0.0225
2026-06-20T05:14:42,Volume_2/1_source_pages/page_261,1,5,6,0.0090
2026-06-20T05:14:45,Volume_2/1_source_pages/page_260,1,10,11,0.0165
2026-06-20T05:14:45,Volume_2/1_source_pages/page_262,1,7,8,0.0120
2026-06-20T05:14:46,Volume_2/1_source_pages/page_265,1,4,5,0.0075
2026-06-20T05:14:50,Volume_2/1_source_pages/page_264,1,7,8,0.0120
2026-06-20T05:14:51,Volume_2/1_source_pages/page_263,1,4,5,0.0075
2026-06-20T05:14:54,Volume_2/1_source_pages/page_271,1,4,5,0.0075
2026-06-20T05:14:54,Volume_2/1_source_pages/page_267,1,6,7,0.0105
2026-06-20T05:14:56,Volume_2/1_source_pages/page_259,1,17,18,0.0270
2026-06-20T05:14:57,Volume_2/1_source_pages/page_257,1,17,18,0.0270
2026-06-20T05:14:57,Volume_2/1_source_pages/page_272,1,5,6,0.0090
2026-06-20T05:14:59,Volume_2/1_source_pages/page_266,1,9,10,0.0150
2026-06-20T05:15:00,Volume_2/1_source_pages/page_273,1,4,5,0.0075
2026-06-20T05:15:02,Volume_2/1_source_pages/page_276,1,5,6,0.0090
2026-06-20T05:15:06,Volume_2/1_source_pages/page_269,1,10,11,0.0165
2026-06-20T05:15:06,Volume_2/1_source_pages/page_279,1,4,5,0.0075
2026-06-20T05:15:08,Volume_2/1_source_pages/page_274,1,6,7,0.0105
2026-06-20T05:15:08,Volume_2/1_source_pages/page_277,1,5,6,0.0090
2026-06-20T05:15:09,Volume_2/1_source_pages/page_275,1,5,6,0.0090
2026-06-20T05:15:09,Volume_2/1_source_pages/page_268,1,12,13,0.0195
2026-06-20T05:15:12,Volume_2/1_source_pages/page_270,1,12,13,0.0195
2026-06-20T05:15:12,Volume_2/1_source_pages/page_280,1,4,5,0.0075
2026-06-20T05:15:17,Volume_2/1_source_pages/page_278,1,4,5,0.0075
2026-06-20T05:15:18,Volume_2/1_source_pages/page_282,1,4,5,0.0075
2026-06-20T05:15:18,Volume_2/1_source_pages/page_281,1,5,6,0.0090
2026-06-20T05:15:21,Volume_2/1_source_pages/page_283,1,5,6,0.0090
2026-06-20T05:15:23,Volume_2/1_source_pages/page_286,1,5,6,0.0090
2026-06-20T05:15:28,Volume_2/1_source_pages/page_288,1,5,6,0.0090
2026-06-20T05:15:28,Volume_2/1_source_pages/page_285,1,8,9,0.0135
2026-06-20T05:15:32,Volume_2/1_source_pages/page_284,1,10,11,0.0165
2026-06-20T05:15:33,Volume_2/1_source_pages/page_287,1,8,9,0.0135
2026-06-20T05:15:38,Volume_2/1_source_pages/page_299,1,4,5,0.0075
2026-06-20T05:15:39,Volume_2/1_source_pages/page_298,1,4,5,0.0075
2026-06-20T05:15:41,Volume_2/1_source_pages/page_294,1,9,10,0.0150
2026-06-20T05:15:44,Volume_2/1_source_pages/page_292,1,10,11,0.0165
2026-06-20T05:15:44,Volume_2/1_source_pages/page_289,1,13,14,0.0210
2026-06-20T05:15:44,Volume_2/1_source_pages/page_297,1,6,7,0.0105
2026-06-20T05:15:44,Volume_2/1_source_pages/page_296,1,5,6,0.0090
2026-06-20T05:15:46,Volume_2/1_source_pages/page_291,1,10,11,0.0165
2026-06-20T05:15:47,Volume_2/1_source_pages/page_295,1,11,12,0.0180
2026-06-20T05:15:48,Volume_2/1_source_pages/page_290,1,13,14,0.0210
2026-06-20T05:15:50,Volume_2/1_source_pages/page_301,1,4,5,0.0075
2026-06-20T05:15:51,Volume_2/1_source_pages/page_300,1,7,8,0.0120
2026-06-20T05:15:53,Volume_2/1_source_pages/page_293,1,12,13,0.0195
2026-06-20T05:15:54,Volume_2/1_source_pages/page_304,1,5,6,0.0090
2026-06-20T05:15:54,Volume_2/1_source_pages/page_302,1,9,10,0.0150
2026-06-20T05:16:00,Volume_2/1_source_pages/page_308,1,5,6,0.0090
2026-06-20T05:16:05,Volume_2/1_source_pages/page_310,1,5,6,0.0090
2026-06-20T05:16:06,Volume_2/1_source_pages/page_306,1,9,10,0.0150
2026-06-20T05:16:07,Volume_2/1_source_pages/page_303,1,8,9,0.0135
2026-06-20T05:16:11,Volume_2/1_source_pages/page_305,1,10,11,0.0165
2026-06-20T05:16:14,Volume_2/1_source_pages/page_314,1,7,8,0.0120
2026-06-20T05:16:16,Volume_2/1_source_pages/page_307,1,9,10,0.0150
2026-06-20T05:16:16,Volume_2/1_source_pages/page_316,1,9,10,0.0150
2026-06-20T05:16:18,Volume_2/1_source_pages/page_312,1,10,11,0.0165
2026-06-20T05:16:24,Volume_2/1_source_pages/page_320,1,6,7,0.0105
2026-06-20T05:16:26,Volume_2/1_source_pages/page_322,1,6,7,0.0105
2026-06-20T05:16:27,Volume_2/1_source_pages/page_315,1,12,13,0.0195
2026-06-20T05:16:27,Volume_2/1_source_pages/page_311,1,12,13,0.0195
2026-06-20T05:16:27,Volume_2/1_source_pages/page_323,1,6,7,0.0105
2026-06-20T05:16:28,Volume_2/1_source_pages/page_313,1,13,14,0.0210
2026-06-20T05:16:30,Volume_2/1_source_pages/page_319,1,11,12,0.0180
2026-06-20T05:16:31,Volume_2/1_source_pages/page_309,1,13,14,0.0210
2026-06-20T05:16:36,Volume_2/1_source_pages/page_327,1,3,4,0.0060
2026-06-20T05:16:40,Volume_2/1_source_pages/page_318,1,17,18,0.0270
2026-06-20T05:16:41,Volume_2/1_source_pages/page_317,1,17,18,0.0270
2026-06-20T05:16:43,Volume_2/1_source_pages/page_329,1,4,5,0.0075
2026-06-20T05:16:45,Volume_2/1_source_pages/page_324,1,13,14,0.0210
2026-06-20T05:16:45,Volume_2/1_source_pages/page_321,1,13,14,0.0210
2026-06-20T05:16:46,Volume_2/1_source_pages/page_328,1,8,9,0.0135
2026-06-20T05:16:50,Volume_2/1_source_pages/page_331,1,8,9,0.0135
2026-06-20T05:16:51,Volume_2/1_source_pages/page_333,1,6,7,0.0105
2026-06-20T05:16:53,Volume_2/1_source_pages/page_330,1,8,9,0.0135
2026-06-20T05:16:55,Volume_2/1_source_pages/page_325,1,13,14,0.0210
2026-06-20T05:17:02,Volume_2/1_source_pages/page_337,1,9,10,0.0150
2026-06-20T05:17:03,Volume_2/1_source_pages/page_335,1,11,12,0.0180
2026-06-20T05:17:04,Volume_2/1_source_pages/page_334,1,10,11,0.0165
2026-06-20T05:17:04,Volume_2/1_source_pages/page_332,1,13,14,0.0210
2026-06-20T05:17:09,Volume_2/1_source_pages/page_336,1,11,12,0.0180
2026-06-20T05:17:10,Volume_2/1_source_pages/page_341,1,6,7,0.0105
2026-06-20T05:17:12,Volume_2/1_source_pages/page_340,1,6,7,0.0105
2026-06-20T05:17:13,Volume_2/1_source_pages/page_326,1,19,20,0.0300
2026-06-20T05:17:16,Volume_2/1_source_pages/page_339,1,11,12,0.0180
2026-06-20T05:17:18,Volume_2/1_source_pages/page_338,1,12,13,0.0195
2026-06-20T05:17:19,Volume_2/1_source_pages/page_344,1,10,11,0.0165
2026-06-20T05:17:22,Volume_2/1_source_pages/page_347,1,8,9,0.0135
2026-06-20T05:17:22,Volume_2/1_source_pages/page_346,1,10,11,0.0165
2026-06-20T05:17:23,Volume_2/1_source_pages/page_343,1,11,12,0.0180
2026-06-20T05:17:24,Volume_2/1_source_pages/page_345,1,12,13,0.0195
2026-06-20T05:17:26,Volume_2/1_source_pages/page_342,1,13,14,0.0210
2026-06-20T05:17:28,Volume_2/1_source_pages/page_348,1,9,10,0.0150
2026-06-20T05:17:29,Volume_2/1_source_pages/page_353,1,5,6,0.0090
2026-06-20T05:17:30,Volume_2/1_source_pages/page_354,1,6,7,0.0105
2026-06-20T05:17:32,Volume_2/1_source_pages/page_349,1,10,11,0.0165
2026-06-20T05:17:33,Volume_2/1_source_pages/page_350,1,10,11,0.0165
2026-06-20T05:17:35,Volume_2/1_source_pages/page_351,1,10,11,0.0165
2026-06-20T05:17:43,Volume_2/1_source_pages/page_355,1,10,11,0.0165
2026-06-20T05:17:47,Volume_2/1_source_pages/page_359,1,8,9,0.0135
2026-06-20T05:17:49,Volume_2/1_source_pages/page_357,1,11,12,0.0180
2026-06-20T05:17:49,Volume_2/1_source_pages/page_362,1,8,9,0.0135
2026-06-20T05:17:51,Volume_2/1_source_pages/page_352,1,15,16,0.0240
2026-06-20T05:17:53,Volume_2/1_source_pages/page_364,1,8,9,0.0135
2026-06-20T05:17:53,Volume_2/2_post_pages/page_372,1,0,1,0.0015
2026-06-20T05:17:57,Volume_2/1_source_pages/page_358,1,11,12,0.0180
2026-06-20T05:18:00,Volume_2/1_source_pages/page_356,1,17,18,0.0270
2026-06-20T05:18:02,Volume_2/1_source_pages/page_365,1,11,12,0.0180
2026-06-20T05:18:02,Volume_2/1_source_pages/page_366,1,10,11,0.0165
2026-06-20T05:18:03,Volume_2/1_source_pages/page_361,1,11,12,0.0180
2026-06-20T05:18:05,Volume_2/1_source_pages/page_367,1,10,11,0.0165
2026-06-20T05:18:07,Volume_2/1_source_pages/page_369,1,11,12,0.0180
2026-06-20T05:18:08,Volume_2/1_source_pages/page_363,1,15,16,0.0240
2026-06-20T05:18:12,Volume_2/2_post_pages/page_371,1,9,10,0.0150
2026-06-20T05:18:13,Volume_2/1_source_pages/page_368,1,15,16,0.0240
2026-06-20T05:18:13,Volume_2/1_source_pages/page_360,1,19,20,0.0300
2026-06-20T05:18:17,Volume_2/1_source_pages/page_370,1,9,10,0.0150
2026-06-20T05:18:30,Volume_3/0_table_of_contents/page_001,1,16,17,0.0255
2026-06-20T05:18:43,Volume_3/1_source_pages/page_006,1,14,15,0.0225
2026-06-20T05:18:50,Volume_3/1_source_pages/page_010,1,16,17,0.0255
2026-06-20T05:18:53,Volume_3/1_source_pages/page_002,1,23,24,0.0360
2026-06-20T05:18:57,Volume_3/1_source_pages/page_011,1,18,19,0.0285
2026-06-20T05:18:59,Volume_3/1_source_pages/page_005,1,24,25,0.0375
2026-06-20T05:19:02,Volume_3/1_source_pages/page_004,1,26,27,0.0405
2026-06-20T05:19:06,Volume_3/1_source_pages/page_009,1,23,24,0.0360
2026-06-20T05:19:07,Volume_3/1_source_pages/page_007,1,24,25,0.0375
2026-06-20T05:19:07,Volume_3/1_source_pages/page_008,1,24,25,0.0375
2026-06-20T05:19:08,Volume_3/1_source_pages/page_013,1,20,21,0.0315
2026-06-20T05:19:10,Volume_3/1_source_pages/page_003,1,28,29,0.0435
2026-06-20T05:19:13,Volume_3/1_source_pages/page_012,1,25,26,0.0390
2026-06-20T05:19:14,Volume_3/1_source_pages/page_016,1,21,22,0.0330
2026-06-20T05:19:19,Volume_3/1_source_pages/page_014,1,24,25,0.0375
2026-06-20T05:19:22,Volume_3/1_source_pages/page_015,1,26,27,0.0405
2026-06-20T05:19:33,Volume_3/1_source_pages/page_017,1,22,23,0.0345
2026-06-20T05:19:42,Volume_3/1_source_pages/page_022,1,15,16,0.0240
2026-06-20T05:19:42,Volume_3/1_source_pages/page_018,1,22,23,0.0345
2026-06-20T05:19:48,Volume_3/1_source_pages/page_028,1,13,14,0.0210
2026-06-20T05:19:52,Volume_3/1_source_pages/page_023,1,18,19,0.0285
2026-06-20T05:19:54,Volume_3/1_source_pages/page_029,1,14,15,0.0225
2026-06-20T05:19:54,Volume_3/1_source_pages/page_021,1,21,22,0.0330
2026-06-20T05:19:59,Volume_3/1_source_pages/page_019,1,26,27,0.0405
2026-06-20T05:20:01,Volume_3/1_source_pages/page_020,1,25,26,0.0390
2026-06-20T05:20:01,Volume_3/1_source_pages/page_030,1,16,17,0.0255
2026-06-20T05:20:02,Volume_3/1_source_pages/page_032,1,14,15,0.0225
2026-06-20T05:20:03,Volume_3/1_source_pages/page_026,1,20,21,0.0315
2026-06-20T05:20:05,Volume_3/1_source_pages/page_025,1,21,22,0.0330
2026-06-20T05:20:05,Volume_3/1_source_pages/page_024,1,22,23,0.0345
2026-06-20T05:20:05,Volume_3/1_source_pages/page_027,1,21,22,0.0330
2026-06-20T05:20:16,Volume_3/1_source_pages/page_035,1,11,12,0.0180
2026-06-20T05:20:25,Volume_3/1_source_pages/page_031,1,25,26,0.0390
2026-06-20T05:20:28,Volume_3/1_source_pages/page_034,1,16,17,0.0255
2026-06-20T05:20:29,Volume_3/1_source_pages/page_033,1,20,21,0.0315
2026-06-20T05:20:35,Volume_3/1_source_pages/page_037,1,15,16,0.0240
2026-06-20T05:20:37,Volume_3/1_source_pages/page_038,1,14,15,0.0225
2026-06-20T05:20:37,Volume_3/1_source_pages/page_036,1,18,19,0.0285
2026-06-20T05:20:40,Volume_3/1_source_pages/page_040,1,14,15,0.0225
2026-06-20T05:20:42,Volume_3/1_source_pages/page_039,1,17,18,0.0270
2026-06-20T05:20:55,Volume_3/1_source_pages/page_041,1,19,20,0.0300
2026-06-20T05:20:56,Volume_3/1_source_pages/page_042,1,19,20,0.0300
2026-06-20T05:20:59,Volume_3/1_source_pages/page_043,1,19,20,0.0300
2026-06-20T05:20:59,Volume_3/1_source_pages/page_047,1,18,19,0.0285
2026-06-20T05:21:00,Volume_3/1_source_pages/page_053,1,8,9,0.0135
2026-06-20T05:21:01,Volume_3/1_source_pages/page_044,1,20,21,0.0315
2026-06-20T05:21:02,Volume_3/1_source_pages/page_045,1,20,21,0.0315
2026-06-20T05:21:05,Volume_3/1_source_pages/page_046,1,21,22,0.0330
2026-06-20T05:21:09,Volume_3/1_source_pages/page_048,1,19,20,0.0300
2026-06-20T05:21:16,Volume_3/1_source_pages/page_050,1,15,16,0.0240
2026-06-20T05:21:21,Volume_3/1_source_pages/page_051,1,18,19,0.0285
2026-06-20T05:21:22,Volume_3/1_source_pages/page_052,1,17,18,0.0270
2026-06-20T05:21:22,Volume_3/1_source_pages/page_049,1,21,22,0.0330
2026-06-20T05:21:36,Volume_3/1_source_pages/page_056,1,21,22,0.0330
2026-06-20T05:21:46,Volume_3/1_source_pages/page_054,1,26,27,0.0405
2026-06-20T05:21:50,Volume_3/1_source_pages/page_057,1,26,27,0.0405
2026-06-20T05:21:54,Volume_3/1_source_pages/page_060,1,20,21,0.0315
2026-06-20T05:21:56,Volume_3/1_source_pages/page_058,1,23,24,0.0360
2026-06-20T05:21:57,Volume_3/1_source_pages/page_061,1,22,23,0.0345
2026-06-20T05:21:57,Volume_3/1_source_pages/page_062,1,21,22,0.0330
2026-06-20T05:21:57,Volume_3/1_source_pages/page_059,1,24,25,0.0375
2026-06-20T05:21:58,Volume_3/1_source_pages/page_064,1,22,23,0.0345
2026-06-20T05:22:02,Volume_3/1_source_pages/page_063,1,23,24,0.0360
2026-06-20T05:22:04,Volume_3/1_source_pages/page_065,1,23,24,0.0360
2026-06-20T05:22:12,Volume_3/1_source_pages/page_068,1,19,20,0.0300
2026-06-20T05:22:15,Volume_3/1_source_pages/page_066,1,26,27,0.0405
2026-06-20T05:22:18,Volume_3/1_source_pages/page_069,1,21,22,0.0330
2026-06-20T05:22:19,Volume_3/1_source_pages/page_067,1,24,25,0.0375
2026-06-20T05:22:38,Volume_3/1_source_pages/page_078,1,15,16,0.0240
2026-06-20T05:22:44,Volume_3/1_source_pages/page_071,1,27,28,0.0420
2026-06-20T05:22:48,Volume_3/1_source_pages/page_073,1,23,24,0.0360
2026-06-20T05:22:50,Volume_3/1_source_pages/page_079,1,19,20,0.0300
2026-06-20T05:22:50,Volume_3/1_source_pages/page_072,1,25,26,0.0390
2026-06-20T05:22:51,Volume_3/1_source_pages/page_074,1,22,23,0.0345
2026-06-20T05:22:55,Volume_3/1_source_pages/page_077,1,23,24,0.0360
2026-06-20T05:22:58,Volume_3/1_source_pages/page_075,1,24,25,0.0375
2026-06-20T05:22:59,Volume_3/1_source_pages/page_076,1,24,25,0.0375
2026-06-20T05:23:09,Volume_3/1_source_pages/page_080,1,25,26,0.0390
2026-06-20T05:23:15,Volume_3/1_source_pages/page_085,1,21,22,0.0330
2026-06-20T05:23:16,Volume_3/1_source_pages/page_081,1,28,29,0.0435
2026-06-20T05:23:16,Volume_3/1_source_pages/page_082,1,25,26,0.0390
2026-06-20T05:23:22,Volume_3/1_source_pages/page_084,1,25,26,0.0390
2026-06-20T05:23:28,Volume_3/1_source_pages/page_083,1,29,30,0.0450
2026-06-20T05:23:38,Volume_3/1_source_pages/page_086,1,23,24,0.0360
2026-06-20T05:23:53,Volume_3/1_source_pages/page_089,1,24,25,0.0375
2026-06-20T05:23:57,Volume_3/1_source_pages/page_091,1,26,27,0.0405
2026-06-20T05:23:57,Volume_3/1_source_pages/page_094,1,23,24,0.0360
2026-06-20T05:23:59,Volume_3/1_source_pages/page_088,1,28,29,0.0435
2026-06-20T05:24:02,Volume_3/1_source_pages/page_087,1,31,32,0.0480
2026-06-20T05:24:03,Volume_3/1_source_pages/page_092,1,27,28,0.0420
2026-06-20T05:24:04,Volume_3/1_source_pages/page_090,1,28,29,0.0435
2026-06-20T05:24:09,Volume_3/1_source_pages/page_093,1,28,29,0.0435
2026-06-20T05:24:19,Volume_3/1_source_pages/page_097,1,24,25,0.0375
2026-06-20T05:24:21,Volume_3/1_source_pages/page_095,1,29,30,0.0450
2026-06-20T05:24:25,Volume_3/1_source_pages/page_098,1,27,28,0.0420
2026-06-20T05:24:28,Volume_3/1_source_pages/page_096,1,29,30,0.0450
2026-06-20T05:24:31,Volume_3/1_source_pages/page_070,1,23,24,0.0360
2026-06-20T05:24:33,Volume_3/1_source_pages/page_100,1,25,26,0.0390
2026-06-20T05:24:36,Volume_3/1_source_pages/page_099,1,30,31,0.0465
2026-06-20T05:24:50,Volume_3/1_source_pages/page_101,1,24,25,0.0375
2026-06-20T05:25:00,Volume_3/1_source_pages/page_103,1,25,26,0.0390
2026-06-20T05:25:02,Volume_3/1_source_pages/page_102,1,27,28,0.0420
2026-06-20T05:25:05,Volume_3/1_source_pages/page_104,1,27,28,0.0420
2026-06-20T05:25:06,Volume_3/1_source_pages/page_105,1,27,28,0.0420
2026-06-20T05:25:10,Volume_3/1_source_pages/page_106,1,26,27,0.0405
2026-06-20T05:25:12,Volume_3/1_source_pages/page_108,1,26,27,0.0405
2026-06-20T05:25:21,Volume_3/1_source_pages/page_107,1,27,28,0.0420
2026-06-20T05:25:23,Volume_3/1_source_pages/page_109,1,29,30,0.0450
2026-06-20T05:25:32,Volume_3/1_source_pages/page_111,1,28,29,0.0435
2026-06-20T05:25:32,Volume_3/1_source_pages/page_110,1,29,30,0.0450
2026-06-20T05:25:33,Volume_3/1_source_pages/page_113,1,25,26,0.0390
2026-06-20T05:25:35,Volume_3/1_source_pages/page_112,1,28,29,0.0435
2026-06-20T05:25:38,Volume_3/1_source_pages/page_116,1,25,26,0.0390
2026-06-20T05:25:40,Volume_3/1_source_pages/page_114,1,27,28,0.0420
2026-06-20T05:25:42,Volume_3/1_source_pages/page_115,1,28,29,0.0435
2026-06-20T05:25:49,Volume_3/1_source_pages/page_117,1,22,23,0.0345
2026-06-20T05:26:08,Volume_3/1_source_pages/page_120,1,24,25,0.0375
2026-06-20T05:26:09,Volume_3/1_source_pages/page_118,1,28,29,0.0435
2026-06-20T05:26:12,Volume_3/1_source_pages/page_122,1,23,24,0.0360
2026-06-20T05:26:14,Volume_3/1_source_pages/page_121,1,26,27,0.0405
2026-06-20T05:26:15,Volume_3/1_source_pages/page_123,1,24,25,0.0375
2026-06-20T05:26:19,Volume_3/1_source_pages/page_119,1,31,32,0.0480
2026-06-20T05:26:26,Volume_3/1_source_pages/page_125,1,24,25,0.0375
2026-06-20T05:26:32,Volume_3/1_source_pages/page_124,1,28,29,0.0435
2026-06-20T05:26:37,Volume_3/1_source_pages/page_126,1,26,27,0.0405
2026-06-20T05:26:38,Volume_3/1_source_pages/page_129,1,24,25,0.0375
2026-06-20T05:26:39,Volume_3/1_source_pages/page_127,1,26,27,0.0405
2026-06-20T05:26:44,Volume_3/1_source_pages/page_128,1,28,29,0.0435
2026-06-20T05:26:47,Volume_3/1_source_pages/page_131,1,26,27,0.0405
2026-06-20T05:26:47,Volume_3/1_source_pages/page_130,1,27,28,0.0420
2026-06-20T05:26:58,Volume_3/1_source_pages/page_133,1,27,28,0.0420
2026-06-20T05:27:01,Volume_3/1_source_pages/page_132,1,30,31,0.0465
2026-06-20T05:27:15,Volume_3/1_source_pages/page_135,1,25,26,0.0390
2026-06-20T05:27:17,Volume_3/1_source_pages/page_134,1,26,27,0.0405
2026-06-20T05:27:19,Volume_3/1_source_pages/page_136,1,26,27,0.0405
2026-06-20T05:27:21,Volume_3/1_source_pages/page_138,1,26,27,0.0405
2026-06-20T05:27:23,Volume_3/1_source_pages/page_137,1,27,28,0.0420
2026-06-20T05:27:26,Volume_3/1_source_pages/page_140,1,23,24,0.0360
2026-06-20T05:27:27,Volume_3/1_source_pages/page_139,1,26,27,0.0405
2026-06-20T05:27:36,Volume_3/1_source_pages/page_142,1,21,22,0.0330
2026-06-20T05:27:46,Volume_3/1_source_pages/page_141,1,29,30,0.0450
2026-06-20T05:27:47,Volume_3/1_source_pages/page_143,1,26,27,0.0405
2026-06-20T05:27:48,Volume_3/1_source_pages/page_144,1,27,28,0.0420
2026-06-20T05:27:51,Volume_3/1_source_pages/page_146,1,23,24,0.0360
2026-06-20T05:27:53,Volume_3/1_source_pages/page_145,1,26,27,0.0405
2026-06-20T05:27:57,Volume_3/1_source_pages/page_147,1,27,28,0.0420
2026-06-20T05:28:07,Volume_3/1_source_pages/page_148,1,26,27,0.0405
2026-06-20T05:28:12,Volume_3/1_source_pages/page_149,1,27,28,0.0420
2026-06-20T05:28:20,Volume_3/1_source_pages/page_150,1,26,27,0.0405
2026-06-20T05:28:23,Volume_3/1_source_pages/page_151,1,26,27,0.0405
2026-06-20T05:28:28,Volume_3/1_source_pages/page_154,1,25,26,0.0390
2026-06-20T05:28:29,Volume_3/1_source_pages/page_153,1,26,27,0.0405
2026-06-20T05:28:29,Volume_3/1_source_pages/page_155,1,24,25,0.0375
2026-06-20T05:28:32,Volume_3/1_source_pages/page_152,1,28,29,0.0435
2026-06-20T05:28:39,Volume_3/1_source_pages/page_156,1,27,28,0.0420
2026-06-20T05:28:41,Volume_3/1_source_pages/page_160,1,20,21,0.0315
2026-06-20T05:28:45,Volume_3/1_source_pages/page_157,1,27,28,0.0420
2026-06-20T05:28:46,Volume_3/1_source_pages/page_159,1,22,23,0.0345
2026-06-20T05:28:50,Volume_3/1_source_pages/page_161,1,23,24,0.0360
2026-06-20T05:28:50,Volume_3/1_source_pages/page_158,1,25,26,0.0390
2026-06-20T05:29:05,Volume_3/1_source_pages/page_162,1,28,29,0.0435
2026-06-20T05:29:11,Volume_3/1_source_pages/page_163,1,30,31,0.0465
2026-06-20T05:29:12,Volume_3/1_source_pages/page_164,1,26,27,0.0405
2026-06-20T05:29:20,Volume_3/1_source_pages/page_167,1,22,23,0.0345
2026-06-20T05:29:24,Volume_3/1_source_pages/page_165,1,29,30,0.0450
2026-06-20T05:29:28,Volume_3/1_source_pages/page_166,1,26,27,0.0405
2026-06-20T05:29:33,Volume_3/1_source_pages/page_168,1,26,27,0.0405
2026-06-20T05:29:40,Volume_3/1_source_pages/page_170,1,28,29,0.0435
2026-06-20T05:29:40,Volume_3/1_source_pages/page_169,1,28,29,0.0435
2026-06-20T05:29:45,Volume_3/1_source_pages/page_171,1,29,30,0.0450
2026-06-20T05:29:50,Volume_3/1_source_pages/page_174,1,25,26,0.0390
2026-06-20T05:29:51,Volume_3/1_source_pages/page_175,1,25,26,0.0390
2026-06-20T05:29:53,Volume_3/1_source_pages/page_172,1,29,30,0.0450
2026-06-20T05:29:54,Volume_3/1_source_pages/page_173,1,28,29,0.0435
2026-06-20T05:29:59,Volume_3/1_source_pages/page_177,1,27,28,0.0420
2026-06-20T05:30:01,Volume_3/1_source_pages/page_176,1,28,29,0.0435
2026-06-20T05:30:15,Volume_3/1_source_pages/page_178,1,27,28,0.0420
2026-06-20T05:30:22,Volume_3/1_source_pages/page_180,1,27,28,0.0420
2026-06-20T05:30:23,Volume_3/1_source_pages/page_179,1,28,29,0.0435
2026-06-20T05:30:34,Volume_3/1_source_pages/page_182,1,27,28,0.0420
2026-06-20T05:30:39,Volume_3/1_source_pages/page_181,1,31,32,0.0480
2026-06-20T05:30:40,Volume_3/1_source_pages/page_184,1,26,27,0.0405
2026-06-20T05:30:40,Volume_3/1_source_pages/page_183,1,28,29,0.0435
2026-06-20T05:30:40,Volume_3/1_source_pages/page_185,1,22,23,0.0345
2026-06-20T05:30:46,Volume_3/1_source_pages/page_187,1,22,23,0.0345
2026-06-20T05:30:51,Volume_3/1_source_pages/page_186,1,27,28,0.0420
2026-06-20T05:30:55,Volume_3/1_source_pages/page_188,1,25,26,0.0390
2026-06-20T05:30:58,Volume_3/1_source_pages/page_189,1,26,27,0.0405
2026-06-20T05:30:59,Volume_3/1_source_pages/page_191,1,24,25,0.0375
2026-06-20T05:31:01,Volume_3/1_source_pages/page_190,1,26,27,0.0405
2026-06-20T05:31:04,Volume_3/1_source_pages/page_193,1,23,24,0.0360
2026-06-20T05:31:12,Volume_3/1_source_pages/page_192,1,29,30,0.0450
2026-06-20T05:31:31,Volume_3/1_source_pages/page_195,1,27,28,0.0420
2026-06-20T05:31:41,Volume_3/1_source_pages/page_194,1,34,35,0.0525
2026-06-20T05:31:43,Volume_3/1_source_pages/page_196,1,32,33,0.0495
2026-06-20T05:31:47,Volume_3/1_source_pages/page_197,1,29,30,0.0450
2026-06-20T05:31:48,Volume_3/1_source_pages/page_201,1,26,27,0.0405
2026-06-20T05:31:49,Volume_3/1_source_pages/page_199,1,27,28,0.0420
2026-06-20T05:31:52,Volume_3/1_source_pages/page_198,1,29,30,0.0450
2026-06-20T05:31:52,Volume_3/1_source_pages/page_202,1,25,26,0.0390
2026-06-20T05:31:54,Volume_3/1_source_pages/page_200,1,29,30,0.0450
2026-06-20T05:32:04,Volume_3/1_source_pages/page_203,1,28,29,0.0435
2026-06-20T05:32:04,Volume_3/1_source_pages/page_206,1,25,26,0.0390
2026-06-20T05:32:06,Volume_3/1_source_pages/page_205,1,26,27,0.0405
2026-06-20T05:32:12,Volume_3/1_source_pages/page_207,1,28,29,0.0435
2026-06-20T05:32:19,Volume_3/1_source_pages/page_209,1,26,27,0.0405
2026-06-20T05:32:21,Volume_3/1_source_pages/page_204,1,34,35,0.0525
2026-06-20T05:32:24,Volume_3/1_source_pages/page_208,1,32,33,0.0495
2026-06-20T05:32:25,Volume_3/1_source_pages/page_218,1,11,12,0.0180
2026-06-20T05:32:47,Volume_3/1_source_pages/page_211,1,26,27,0.0405
2026-06-20T05:32:49,Volume_3/1_source_pages/page_210,1,31,32,0.0480
2026-06-20T05:32:49,Volume_3/1_source_pages/page_212,1,26,27,0.0405
2026-06-20T05:32:50,Volume_3/1_source_pages/page_217,1,22,23,0.0345
2026-06-20T05:33:00,Volume_3/1_source_pages/page_215,1,28,29,0.0435
2026-06-20T05:33:02,Volume_3/1_source_pages/page_216,1,27,28,0.0420
2026-06-20T05:33:03,Volume_3/1_source_pages/page_214,1,30,31,0.0465
2026-06-20T05:33:04,Volume_3/1_source_pages/page_213,1,30,31,0.0465
2026-06-20T05:33:14,Volume_3/1_source_pages/page_222,1,23,24,0.0360
2026-06-20T05:33:15,Volume_3/1_source_pages/page_221,1,27,28,0.0420
2026-06-20T05:33:19,Volume_3/1_source_pages/page_219,1,29,30,0.0450
2026-06-20T05:33:19,Volume_3/1_source_pages/page_220,1,28,29,0.0435
2026-06-20T05:33:20,Volume_3/1_source_pages/page_223,1,24,25,0.0375
2026-06-20T05:33:26,Volume_3/1_source_pages/page_224,1,26,27,0.0405
2026-06-20T05:33:41,Volume_3/1_source_pages/page_226,1,27,28,0.0420
2026-06-20T05:33:45,Volume_3/1_source_pages/page_225,1,32,33,0.0495
2026-06-20T05:33:51,Volume_3/1_source_pages/page_229,1,23,24,0.0360
2026-06-20T05:33:55,Volume_3/1_source_pages/page_228,1,26,27,0.0405
2026-06-20T05:33:59,Volume_3/1_source_pages/page_234,1,20,21,0.0315
2026-06-20T05:34:04,Volume_3/1_source_pages/page_230,1,29,30,0.0450
2026-06-20T05:34:05,Volume_3/1_source_pages/page_231,1,25,26,0.0390
2026-06-20T05:34:06,Volume_3/1_source_pages/page_227,1,28,29,0.0435
2026-06-20T05:34:08,Volume_3/1_source_pages/page_233,1,25,26,0.0390
2026-06-20T05:34:10,Volume_3/1_source_pages/page_232,1,27,28,0.0420
2026-06-20T05:34:14,Volume_3/1_source_pages/page_236,1,23,24,0.0360
2026-06-20T05:34:17,Volume_3/1_source_pages/page_237,1,22,23,0.0345
2026-06-20T05:34:18,Volume_3/1_source_pages/page_239,1,22,23,0.0345
2026-06-20T05:34:20,Volume_3/1_source_pages/page_235,1,25,26,0.0390
2026-06-20T05:34:30,Volume_3/1_source_pages/page_238,1,27,28,0.0420
2026-06-20T05:34:42,Volume_3/1_source_pages/page_240,1,30,31,0.0465
2026-06-20T05:34:44,Volume_3/1_source_pages/page_241,1,24,25,0.0375
2026-06-20T05:34:45,Volume_3/1_source_pages/page_242,1,23,24,0.0360
2026-06-20T05:34:50,Volume_3/1_source_pages/page_243,1,22,23,0.0345
2026-06-20T05:34:53,Volume_3/1_source_pages/page_245,1,20,21,0.0315
2026-06-20T05:34:55,Volume_3/1_source_pages/page_244,1,23,24,0.0360
2026-06-20T05:35:01,Volume_3/1_source_pages/page_247,1,21,22,0.0330
2026-06-20T05:35:11,Volume_3/1_source_pages/page_246,1,26,27,0.0405
2026-06-20T05:35:14,Volume_3/1_source_pages/page_249,1,25,26,0.0390
2026-06-20T05:35:14,Volume_3/1_source_pages/page_251,1,22,23,0.0345
2026-06-20T05:35:16,Volume_3/1_source_pages/page_250,1,26,27,0.0405
2026-06-20T05:35:19,Volume_3/1_source_pages/page_248,1,28,29,0.0435
2026-06-20T05:35:22,Volume_3/1_source_pages/page_252,1,24,25,0.0375
2026-06-20T05:35:25,Volume_3/1_source_pages/page_253,1,26,27,0.0405
2026-06-20T05:35:35,Volume_3/1_source_pages/page_255,1,26,27,0.0405
2026-06-20T05:35:37,Volume_3/1_source_pages/page_254,1,30,31,0.0465
2026-06-20T05:35:41,Volume_3/1_source_pages/page_257,1,21,22,0.0330
2026-06-20T05:35:45,Volume_3/1_source_pages/page_256,1,25,26,0.0390
2026-06-20T05:35:48,Volume_3/1_source_pages/page_259,1,23,24,0.0360
2026-06-20T05:35:54,Volume_3/1_source_pages/page_258,1,27,28,0.0420
2026-06-20T05:36:02,Volume_3/1_source_pages/page_261,1,27,28,0.0420
2026-06-20T05:36:04,Volume_3/1_source_pages/page_260,1,28,29,0.0435
2026-06-20T05:36:10,Volume_3/1_source_pages/page_262,1,27,28,0.0420
2026-06-20T05:36:19,Volume_3/1_source_pages/page_265,1,25,26,0.0390
2026-06-20T05:36:21,Volume_3/1_source_pages/page_266,1,26,27,0.0405
2026-06-20T05:36:23,Volume_3/1_source_pages/page_267,1,24,25,0.0375
2026-06-20T05:36:25,Volume_3/1_source_pages/page_263,1,29,30,0.0450
2026-06-20T05:36:25,Volume_3/1_source_pages/page_264,1,26,27,0.0405
2026-06-20T05:36:27,Volume_3/1_source_pages/page_268,1,25,26,0.0390
2026-06-20T05:36:38,Volume_3/1_source_pages/page_270,1,24,25,0.0375
2026-06-20T05:36:38,Volume_3/1_source_pages/page_269,1,29,30,0.0450
2026-06-20T05:36:47,Volume_3/1_source_pages/page_273,1,23,24,0.0360
2026-06-20T05:36:47,Volume_3/1_source_pages/page_271,1,28,29,0.0435
2026-06-20T05:36:56,Volume_3/1_source_pages/page_274,1,26,27,0.0405
2026-06-20T05:36:58,Volume_3/1_source_pages/page_272,1,30,31,0.0465
2026-06-20T05:37:00,Volume_3/1_source_pages/page_275,1,25,26,0.0390
2026-06-20T05:37:16,Volume_3/1_source_pages/page_277,1,27,28,0.0420
2026-06-20T05:37:17,Volume_3/1_source_pages/page_278,1,26,27,0.0405
2026-06-20T05:37:21,Volume_3/1_source_pages/page_276,1,31,32,0.0480
2026-06-20T05:37:23,Volume_3/1_source_pages/page_279,1,24,25,0.0375
2026-06-20T05:37:24,Volume_3/1_source_pages/page_280,1,23,24,0.0360
2026-06-20T05:37:30,Volume_3/1_source_pages/page_281,1,26,27,0.0405
2026-06-20T05:37:35,Volume_3/1_source_pages/page_282,1,26,27,0.0405
2026-06-20T05:37:39,Volume_3/1_source_pages/page_283,1,28,29,0.0435
2026-06-20T05:37:40,Volume_3/1_source_pages/page_284,1,28,29,0.0435
2026-06-20T05:37:49,Volume_3/1_source_pages/page_285,1,27,28,0.0420
2026-06-20T05:37:55,Volume_3/1_source_pages/page_286,1,30,31,0.0465
2026-06-20T05:38:01,Volume_3/1_source_pages/page_287,1,29,30,0.0450
2026-06-20T05:38:09,Volume_3/1_source_pages/page_291,1,25,26,0.0390
2026-06-20T05:38:09,Volume_3/1_source_pages/page_288,1,32,33,0.0495
2026-06-20T05:38:11,Volume_3/1_source_pages/page_289,1,30,31,0.0465
2026-06-20T05:38:12,Volume_3/1_source_pages/page_290,1,30,31,0.0465
2026-06-20T05:38:26,Volume_3/1_source_pages/page_297,1,21,22,0.0330
2026-06-20T05:38:32,Volume_3/1_source_pages/page_295,1,25,26,0.0390
2026-06-20T05:38:33,Volume_3/1_source_pages/page_293,1,30,31,0.0465
2026-06-20T05:38:34,Volume_3/1_source_pages/page_294,1,27,28,0.0420
2026-06-20T05:38:36,Volume_3/1_source_pages/page_296,1,28,29,0.0435
2026-06-20T05:38:37,Volume_3/1_source_pages/page_292,1,30,31,0.0465
2026-06-20T05:38:38,Volume_3/1_source_pages/page_298,1,25,26,0.0390
2026-06-20T05:38:45,Volume_3/1_source_pages/page_300,1,25,26,0.0390
2026-06-20T05:38:46,Volume_3/1_source_pages/page_299,1,26,27,0.0405
2026-06-20T05:39:03,Volume_3/1_source_pages/page_303,1,24,25,0.0375
2026-06-20T05:39:03,Volume_3/1_source_pages/page_301,1,29,30,0.0450
2026-06-20T05:39:03,Volume_3/2_post_pages/page_312,1,10,11,0.0165
2026-06-20T05:39:08,Volume_3/1_source_pages/page_302,1,29,30,0.0450
2026-06-20T05:39:08,Volume_3/1_source_pages/page_304,1,21,22,0.0330
2026-06-20T05:39:11,Volume_3/1_source_pages/page_305,1,24,25,0.0375
2026-06-20T05:39:12,Volume_4/0_table_of_contents/page_001,1,13,14,0.0210
2026-06-20T05:39:20,Volume_3/1_source_pages/page_307,1,26,27,0.0405
2026-06-20T05:39:23,Volume_3/1_source_pages/page_306,1,28,29,0.0435
2026-06-20T05:39:28,Volume_4/1_source_pages/page_002,1,19,20,0.0300
2026-06-20T05:39:31,Volume_3/1_source_pages/page_311,1,22,23,0.0345
2026-06-20T05:39:32,Volume_3/1_source_pages/page_308,1,24,25,0.0375
2026-06-20T05:39:37,Volume_4/1_source_pages/page_004,1,19,20,0.0300
2026-06-20T05:39:38,Volume_3/1_source_pages/page_310,1,25,26,0.0390
2026-06-20T05:39:40,Volume_3/1_source_pages/page_309,1,26,27,0.0405
2026-06-20T05:39:43,Volume_4/1_source_pages/page_003,1,22,23,0.0345
2026-06-20T05:39:55,Volume_4/1_source_pages/page_006,1,20,21,0.0315
2026-06-20T05:39:56,Volume_4/1_source_pages/page_005,1,19,20,0.0300
2026-06-20T05:40:02,Volume_4/1_source_pages/page_007,1,22,23,0.0345
2026-06-20T05:40:03,Volume_4/1_source_pages/page_009,1,21,22,0.0330
2026-06-20T05:40:04,Volume_4/1_source_pages/page_010,1,20,21,0.0315
2026-06-20T05:40:06,Volume_4/1_source_pages/page_008,1,22,23,0.0345
2026-06-20T05:40:09,Volume_4/1_source_pages/page_011,1,21,22,0.0330
2026-06-20T05:40:13,Volume_4/1_source_pages/page_012,1,20,21,0.0315
2026-06-20T05:40:24,Volume_4/1_source_pages/page_013,1,23,24,0.0360
2026-06-20T05:40:26,Volume_4/1_source_pages/page_016,1,20,21,0.0315
2026-06-20T05:40:28,Volume_4/1_source_pages/page_014,1,23,24,0.0360
2026-06-20T05:40:29,Volume_4/1_source_pages/page_018,1,19,20,0.0300
2026-06-20T05:40:33,Volume_4/1_source_pages/page_017,1,21,22,0.0330
2026-06-20T05:40:34,Volume_4/1_source_pages/page_015,1,23,24,0.0360
2026-06-20T05:40:38,Volume_4/1_source_pages/page_019,1,22,23,0.0345
2026-06-20T05:40:50,Volume_4/1_source_pages/page_022,1,20,21,0.0315
2026-06-20T05:40:50,Volume_4/1_source_pages/page_020,1,27,28,0.0420
2026-06-20T05:41:00,Volume_4/1_source_pages/page_023,1,22,23,0.0345
2026-06-20T05:41:02,Volume_4/1_source_pages/page_025,1,21,22,0.0330
2026-06-20T05:41:03,Volume_4/1_source_pages/page_021,1,26,27,0.0405
2026-06-20T05:41:05,Volume_4/1_source_pages/page_028,1,19,20,0.0300
2026-06-20T05:41:06,Volume_4/1_source_pages/page_024,1,24,25,0.0375
2026-06-20T05:41:08,Volume_4/1_source_pages/page_027,1,21,22,0.0330
2026-06-20T05:41:16,Volume_4/1_source_pages/page_026,1,27,28,0.0420
2026-06-20T05:41:19,Volume_4/1_source_pages/page_030,1,19,20,0.0300
2026-06-20T05:41:20,Volume_4/1_source_pages/page_029,1,20,21,0.0315
2026-06-20T05:41:32,Volume_4/1_source_pages/page_031,1,25,26,0.0390
2026-06-20T05:41:33,Volume_4/1_source_pages/page_034,1,22,23,0.0345
2026-06-20T05:41:33,Volume_4/1_source_pages/page_032,1,25,26,0.0390
2026-06-20T05:41:35,Volume_4/1_source_pages/page_033,1,23,24,0.0360
2026-06-20T05:41:44,Volume_4/1_source_pages/page_035,1,25,26,0.0390
2026-06-20T05:41:48,Volume_4/1_source_pages/page_037,1,22,23,0.0345
2026-06-20T05:41:53,Volume_4/1_source_pages/page_036,1,25,26,0.0390
2026-06-20T05:42:00,Volume_4/1_source_pages/page_039,1,22,23,0.0345
2026-06-20T05:42:01,Volume_4/1_source_pages/page_038,1,24,25,0.0375
2026-06-20T05:42:06,Volume_4/1_source_pages/page_042,1,23,24,0.0360
2026-06-20T05:42:10,Volume_4/1_source_pages/page_045,1,19,20,0.0300
2026-06-20T05:42:12,Volume_4/1_source_pages/page_043,1,25,26,0.0390
2026-06-20T05:42:13,Volume_4/1_source_pages/page_040,1,27,28,0.0420
2026-06-20T05:42:16,Volume_4/1_source_pages/page_041,1,28,29,0.0435
2026-06-20T05:42:18,Volume_4/1_source_pages/page_046,1,22,23,0.0345
2026-06-20T05:42:18,Volume_4/1_source_pages/page_044,1,24,25,0.0375
2026-06-20T05:42:27,Volume_4/1_source_pages/page_048,1,21,22,0.0330
2026-06-20T05:42:30,Volume_4/1_source_pages/page_047,1,21,22,0.0330
2026-06-20T05:42:38,Volume_4/1_source_pages/page_049,1,25,26,0.0390
2026-06-20T05:42:45,Volume_4/1_source_pages/page_050,1,23,24,0.0360
2026-06-20T05:42:50,Volume_4/1_source_pages/page_052,1,24,25,0.0375
2026-06-20T05:42:51,Volume_4/1_source_pages/page_051,1,26,27,0.0405
2026-06-20T05:42:55,Volume_4/1_source_pages/page_053,1,24,25,0.0375
2026-06-20T05:43:09,Volume_4/1_source_pages/page_054,1,27,28,0.0420
2026-06-20T05:43:11,Volume_4/1_source_pages/page_057,1,23,24,0.0360
2026-06-20T05:43:13,Volume_4/1_source_pages/page_059,1,24,25,0.0375
2026-06-20T05:43:15,Volume_4/1_source_pages/page_055,1,29,30,0.0450
2026-06-20T05:43:19,Volume_4/1_source_pages/page_060,1,24,25,0.0375
2026-06-20T05:43:20,Volume_4/1_source_pages/page_056,1,29,30,0.0450
2026-06-20T05:43:21,Volume_4/1_source_pages/page_058,1,27,28,0.0420
2026-06-20T05:43:24,Volume_4/1_source_pages/page_062,1,26,27,0.0405
2026-06-20T05:43:29,Volume_4/1_source_pages/page_061,1,28,29,0.0435
2026-06-20T05:43:34,Volume_4/1_source_pages/page_064,1,25,26,0.0390
2026-06-20T05:43:37,Volume_4/1_source_pages/page_063,1,28,29,0.0435
2026-06-20T05:43:40,Volume_4/1_source_pages/page_065,1,24,25,0.0375
2026-06-20T05:43:46,Volume_4/1_source_pages/page_066,1,23,24,0.0360
2026-06-20T05:43:51,Volume_4/1_source_pages/page_068,1,23,24,0.0360
2026-06-20T05:44:00,Volume_4/1_source_pages/page_070,1,19,20,0.0300
2026-06-20T05:44:01,Volume_4/1_source_pages/page_069,1,25,26,0.0390
2026-06-20T05:44:01,Volume_4/1_source_pages/page_067,1,28,29,0.0435
2026-06-20T05:44:10,Volume_4/1_source_pages/page_072,1,21,22,0.0330
2026-06-20T05:44:10,Volume_4/1_source_pages/page_071,1,23,24,0.0360
2026-06-20T05:44:16,Volume_4/1_source_pages/page_073,1,24,25,0.0375
2026-06-20T05:44:19,Volume_4/1_source_pages/page_074,1,23,24,0.0360
2026-06-20T05:44:21,Volume_4/1_source_pages/page_075,1,21,22,0.0330
2026-06-20T05:44:26,Volume_4/1_source_pages/page_076,1,25,26,0.0390
2026-06-20T05:44:32,Volume_4/1_source_pages/page_078,1,24,25,0.0375
2026-06-20T05:44:36,Volume_4/1_source_pages/page_079,1,24,25,0.0375
2026-06-20T05:44:40,Volume_4/1_source_pages/page_080,1,24,25,0.0375
2026-06-20T05:44:40,Volume_4/1_source_pages/page_081,1,22,23,0.0345
2026-06-20T05:44:43,Volume_4/1_source_pages/page_077,1,31,32,0.0480
2026-06-20T05:44:49,Volume_4/1_source_pages/page_082,1,25,26,0.0390
2026-06-20T05:44:55,Volume_4/1_source_pages/page_083,1,25,26,0.0390
2026-06-20T05:45:03,Volume_4/1_source_pages/page_087,1,20,21,0.0315
2026-06-20T05:45:04,Volume_4/1_source_pages/page_084,1,25,26,0.0390
2026-06-20T05:45:05,Volume_4/1_source_pages/page_085,1,24,25,0.0375
2026-06-20T05:45:08,Volume_4/1_source_pages/page_088,1,22,23,0.0345
2026-06-20T05:45:09,Volume_4/1_source_pages/page_086,1,27,28,0.0420
2026-06-20T05:45:16,Volume_4/1_source_pages/page_089,1,22,23,0.0345
2026-06-20T05:45:19,Volume_4/1_source_pages/page_091,1,22,23,0.0345
2026-06-20T05:45:23,Volume_4/1_source_pages/page_090,1,25,26,0.0390
2026-06-20T05:45:33,Volume_4/1_source_pages/page_092,1,26,27,0.0405
2026-06-20T05:45:36,Volume_4/1_source_pages/page_093,1,25,26,0.0390
2026-06-20T05:45:40,Volume_4/1_source_pages/page_094,1,25,26,0.0390
2026-06-20T05:45:45,Volume_4/1_source_pages/page_097,1,25,26,0.0390
2026-06-20T05:45:45,Volume_4/1_source_pages/page_096,1,25,26,0.0390
2026-06-20T05:45:47,Volume_4/1_source_pages/page_095,1,27,28,0.0420
2026-06-20T05:45:49,Volume_4/1_source_pages/page_098,1,23,24,0.0360
2026-06-20T05:45:57,Volume_4/1_source_pages/page_099,1,24,25,0.0375
2026-06-20T05:46:01,Volume_4/1_source_pages/page_104,1,20,21,0.0315
2026-06-20T05:46:03,Volume_4/1_source_pages/page_101,1,23,24,0.0360
2026-06-20T05:46:12,Volume_4/1_source_pages/page_100,1,27,28,0.0420
2026-06-20T05:46:12,Volume_4/1_source_pages/page_103,1,25,26,0.0390
2026-06-20T05:46:14,Volume_4/1_source_pages/page_102,1,27,28,0.0420
2026-06-20T05:46:18,Volume_4/1_source_pages/page_107,1,21,22,0.0330
2026-06-20T05:46:21,Volume_4/1_source_pages/page_105,1,25,26,0.0390
2026-06-20T05:46:25,Volume_4/1_source_pages/page_106,1,25,26,0.0390
2026-06-20T05:46:29,Volume_4/1_source_pages/page_108,1,22,23,0.0345
2026-06-20T05:46:31,Volume_4/1_source_pages/page_109,1,20,21,0.0315
2026-06-20T05:46:46,Volume_4/1_source_pages/page_110,1,25,26,0.0390
2026-06-20T05:46:46,Volume_4/1_source_pages/page_112,1,23,24,0.0360
2026-06-20T05:46:48,Volume_4/1_source_pages/page_113,1,24,25,0.0375
2026-06-20T05:46:51,Volume_4/1_source_pages/page_111,1,25,26,0.0390
2026-06-20T05:46:57,Volume_4/1_source_pages/page_117,1,20,21,0.0315
2026-06-20T05:47:01,Volume_4/1_source_pages/page_114,1,27,28,0.0420
2026-06-20T05:47:03,Volume_4/1_source_pages/page_115,1,25,26,0.0390
2026-06-20T05:47:04,Volume_4/1_source_pages/page_116,1,25,26,0.0390
2026-06-20T05:47:07,Volume_4/1_source_pages/page_119,1,21,22,0.0330
2026-06-20T05:47:10,Volume_4/1_source_pages/page_118,1,22,23,0.0345
2026-06-20T05:47:11,Volume_4/1_source_pages/page_121,1,20,21,0.0315
2026-06-20T05:47:22,Volume_4/1_source_pages/page_124,1,18,19,0.0285
2026-06-20T05:47:22,Volume_4/1_source_pages/page_120,1,27,28,0.0420
2026-06-20T05:47:23,Volume_4/1_source_pages/page_123,1,22,23,0.0345
2026-06-20T05:47:24,Volume_4/1_source_pages/page_122,1,23,24,0.0360
2026-06-20T05:47:29,Volume_4/1_source_pages/page_125,1,22,23,0.0345
2026-06-20T05:47:45,Volume_4/1_source_pages/page_128,1,22,23,0.0345
2026-06-20T05:47:48,Volume_4/1_source_pages/page_126,1,24,25,0.0375
2026-06-20T05:47:54,Volume_4/1_source_pages/page_127,1,25,26,0.0390
2026-06-20T05:47:55,Volume_4/1_source_pages/page_129,1,24,25,0.0375
2026-06-20T05:47:58,Volume_4/1_source_pages/page_132,1,20,21,0.0315
2026-06-20T05:47:58,Volume_4/1_source_pages/page_131,1,21,22,0.0330
2026-06-20T05:48:00,Volume_4/1_source_pages/page_130,1,24,25,0.0375
2026-06-20T05:48:03,Volume_4/1_source_pages/page_133,1,23,24,0.0360
2026-06-20T05:48:15,Volume_4/1_source_pages/page_136,1,24,25,0.0375
2026-06-20T05:48:17,Volume_4/1_source_pages/page_135,1,26,27,0.0405
2026-06-20T05:48:17,Volume_4/1_source_pages/page_134,1,27,28,0.0420
2026-06-20T05:48:25,Volume_4/1_source_pages/page_137,1,23,24,0.0360
2026-06-20T05:48:28,Volume_4/1_source_pages/page_138,1,26,27,0.0405
2026-06-20T05:48:29,Volume_4/1_source_pages/page_139,1,25,26,0.0390
2026-06-20T05:48:32,Volume_4/1_source_pages/page_140,1,27,28,0.0420
2026-06-20T05:48:37,Volume_4/1_source_pages/page_141,1,26,27,0.0405
2026-06-20T05:48:49,Volume_4/1_source_pages/page_143,1,23,24,0.0360
2026-06-20T05:48:50,Volume_4/1_source_pages/page_142,1,26,27,0.0405
2026-06-20T05:48:54,Volume_4/1_source_pages/page_144,1,22,23,0.0345
2026-06-20T05:48:59,Volume_4/1_source_pages/page_146,1,24,25,0.0375
2026-06-20T05:49:03,Volume_4/1_source_pages/page_145,1,27,28,0.0420
2026-06-20T05:49:06,Volume_4/1_source_pages/page_148,1,26,27,0.0405
2026-06-20T05:49:07,Volume_4/1_source_pages/page_147,1,27,28,0.0420
2026-06-20T05:49:16,Volume_4/1_source_pages/page_149,1,29,30,0.0450
2026-06-20T05:49:18,Volume_4/1_source_pages/page_152,1,23,24,0.0360
2026-06-20T05:49:25,Volume_4/1_source_pages/page_150,1,27,28,0.0420
2026-06-20T05:49:28,Volume_4/1_source_pages/page_151,1,28,29,0.0435
2026-06-20T05:49:29,Volume_4/1_source_pages/page_154,1,23,24,0.0360
2026-06-20T05:49:37,Volume_4/1_source_pages/page_157,1,23,24,0.0360
2026-06-20T05:49:37,Volume_4/1_source_pages/page_156,1,24,25,0.0375
2026-06-20T05:49:39,Volume_4/1_source_pages/page_153,1,29,30,0.0450
2026-06-20T05:49:42,Volume_4/1_source_pages/page_155,1,28,29,0.0435
2026-06-20T05:49:46,Volume_4/1_source_pages/page_160,1,20,21,0.0315
2026-06-20T05:49:56,Volume_4/1_source_pages/page_158,1,26,27,0.0405
2026-06-20T05:50:00,Volume_4/1_source_pages/page_159,1,27,28,0.0420
2026-06-20T05:50:00,Volume_4/1_source_pages/page_161,1,23,24,0.0360
2026-06-20T05:50:11,Volume_4/1_source_pages/page_162,1,27,28,0.0420
2026-06-20T05:50:17,Volume_4/1_source_pages/page_163,1,27,28,0.0420
2026-06-20T05:50:18,Volume_4/1_source_pages/page_164,1,27,28,0.0420
2026-06-20T05:50:21,Volume_4/1_source_pages/page_168,1,20,21,0.0315
2026-06-20T05:50:27,Volume_4/1_source_pages/page_166,1,27,28,0.0420
2026-06-20T05:50:28,Volume_4/1_source_pages/page_165,1,29,30,0.0450
2026-06-20T05:50:33,Volume_4/1_source_pages/page_167,1,26,27,0.0405
2026-06-20T05:50:39,Volume_4/1_source_pages/page_169,1,28,29,0.0435
2026-06-20T05:50:47,Volume_4/1_source_pages/page_172,1,26,27,0.0405
2026-06-20T05:50:48,Volume_4/1_source_pages/page_171,1,27,28,0.0420
2026-06-20T05:50:49,Volume_4/1_source_pages/page_173,1,26,27,0.0405
2026-06-20T05:50:50,Volume_4/1_source_pages/page_170,1,28,29,0.0435
2026-06-20T05:50:55,Volume_4/1_source_pages/page_174,1,27,28,0.0420
2026-06-20T05:50:58,Volume_4/1_source_pages/page_175,1,23,24,0.0360
2026-06-20T05:51:09,Volume_4/1_source_pages/page_178,1,22,23,0.0345
2026-06-20T05:51:16,Volume_4/1_source_pages/page_177,1,30,31,0.0465
2026-06-20T05:51:18,Volume_4/1_source_pages/page_176,1,31,32,0.0480
2026-06-20T05:51:20,Volume_4/1_source_pages/page_181,1,23,24,0.0360
2026-06-20T05:51:20,Volume_4/1_source_pages/page_179,1,24,25,0.0375
2026-06-20T05:51:32,Volume_4/1_source_pages/page_180,1,29,30,0.0450
2026-06-20T05:51:32,Volume_4/1_source_pages/page_182,1,25,26,0.0390
2026-06-20T05:51:35,Volume_4/1_source_pages/page_183,1,26,27,0.0405
2026-06-20T05:51:36,Volume_4/1_source_pages/page_185,1,22,23,0.0345
2026-06-20T05:51:43,Volume_4/1_source_pages/page_188,1,18,19,0.0285
2026-06-20T05:51:44,Volume_4/1_source_pages/page_184,1,28,29,0.0435
2026-06-20T05:51:48,Volume_4/1_source_pages/page_189,1,19,20,0.0300
2026-06-20T05:51:54,Volume_4/1_source_pages/page_187,1,25,26,0.0390
2026-06-20T05:51:57,Volume_4/1_source_pages/page_190,1,23,24,0.0360
2026-06-20T05:51:59,Volume_4/1_source_pages/page_191,1,22,23,0.0345
2026-06-20T05:52:02,Volume_4/1_source_pages/page_186,1,28,29,0.0435
2026-06-20T05:52:08,Volume_4/1_source_pages/page_192,1,22,23,0.0345
2026-06-20T05:52:13,Volume_4/1_source_pages/page_193,1,21,22,0.0330
2026-06-20T05:52:20,Volume_4/1_source_pages/page_194,1,24,25,0.0375
2026-06-20T05:52:22,Volume_4/1_source_pages/page_196,1,23,24,0.0360
2026-06-20T05:52:24,Volume_4/1_source_pages/page_198,1,19,20,0.0300
2026-06-20T05:52:31,Volume_4/1_source_pages/page_195,1,27,28,0.0420
2026-06-20T05:52:33,Volume_4/1_source_pages/page_197,1,23,24,0.0360
2026-06-20T05:52:39,Volume_4/1_source_pages/page_201,1,21,22,0.0330
2026-06-20T05:52:41,Volume_4/1_source_pages/page_200,1,25,26,0.0390
2026-06-20T05:52:43,Volume_4/1_source_pages/page_204,1,18,19,0.0285
2026-06-20T05:52:44,Volume_4/1_source_pages/page_202,1,23,24,0.0360
2026-06-20T05:52:45,Volume_4/1_source_pages/page_199,1,27,28,0.0420
2026-06-20T05:52:47,Volume_4/1_source_pages/page_203,1,22,23,0.0345
2026-06-20T05:52:57,Volume_4/1_source_pages/page_205,1,23,24,0.0360
2026-06-20T05:52:58,Volume_4/1_source_pages/page_206,1,21,22,0.0330
2026-06-20T05:53:04,Volume_4/1_source_pages/page_209,1,19,20,0.0300
2026-06-20T05:53:05,Volume_4/1_source_pages/page_207,1,24,25,0.0375
2026-06-20T05:53:10,Volume_4/1_source_pages/page_211,1,18,19,0.0285
2026-06-20T05:53:10,Volume_4/1_source_pages/page_208,1,24,25,0.0375
2026-06-20T05:53:18,Volume_4/1_source_pages/page_210,1,22,23,0.0345
2026-06-20T05:53:29,Volume_4/1_source_pages/page_213,1,22,23,0.0345
2026-06-20T05:53:32,Volume_4/1_source_pages/page_212,1,26,27,0.0405
2026-06-20T05:53:34,Volume_4/1_source_pages/page_214,1,23,24,0.0360
2026-06-20T05:53:39,Volume_4/1_source_pages/page_215,1,23,24,0.0360
2026-06-20T05:53:41,Volume_4/1_source_pages/page_217,1,22,23,0.0345
2026-06-20T05:53:45,Volume_4/1_source_pages/page_219,1,24,25,0.0375
2026-06-20T05:53:50,Volume_4/1_source_pages/page_218,1,26,27,0.0405
2026-06-20T05:53:54,Volume_4/1_source_pages/page_220,1,27,28,0.0420
2026-06-20T05:54:00,Volume_4/1_source_pages/page_222,1,24,25,0.0375
2026-06-20T05:54:02,Volume_4/1_source_pages/page_226,1,19,20,0.0300
2026-06-20T05:54:04,Volume_4/1_source_pages/page_223,1,23,24,0.0360
2026-06-20T05:54:08,Volume_4/1_source_pages/page_224,1,24,25,0.0375
2026-06-20T05:54:10,Volume_4/1_source_pages/page_225,1,23,24,0.0360
2026-06-20T05:54:10,Volume_4/1_source_pages/page_221,1,29,30,0.0450
2026-06-20T05:54:18,Volume_4/1_source_pages/page_227,1,23,24,0.0360
2026-06-20T05:54:21,Volume_4/1_source_pages/page_229,1,18,19,0.0285
2026-06-20T05:54:29,Volume_4/1_source_pages/page_216,1,22,23,0.0345
2026-06-20T05:54:30,Volume_4/1_source_pages/page_228,1,23,24,0.0360
2026-06-20T05:54:36,Volume_4/1_source_pages/page_230,1,24,25,0.0375
2026-06-20T05:54:39,Volume_4/1_source_pages/page_232,1,22,23,0.0345
2026-06-20T05:54:40,Volume_4/1_source_pages/page_233,1,21,22,0.0330
2026-06-20T05:54:43,Volume_4/1_source_pages/page_231,1,25,26,0.0390
2026-06-20T05:54:44,Volume_4/1_source_pages/page_243,1,8,9,0.0135
2026-06-20T05:54:55,Volume_4/1_source_pages/page_234,1,25,26,0.0390
2026-06-20T05:54:57,Volume_4/1_source_pages/page_236,1,22,23,0.0345
2026-06-20T05:55:00,Volume_4/1_source_pages/page_237,1,22,23,0.0345
2026-06-20T05:55:04,Volume_4/1_source_pages/page_245,1,12,13,0.0195
2026-06-20T05:55:08,Volume_4/1_source_pages/page_235,1,29,30,0.0450
2026-06-20T05:55:09,Volume_4/1_source_pages/page_238,1,25,26,0.0390
2026-06-20T05:55:09,Volume_4/1_source_pages/page_240,1,23,24,0.0360
2026-06-20T05:55:17,Volume_4/1_source_pages/page_239,1,27,28,0.0420
2026-06-20T05:55:18,Volume_4/1_source_pages/page_241,1,26,27,0.0405
2026-06-20T05:55:23,Volume_4/1_source_pages/page_242,1,25,26,0.0390
2026-06-20T05:55:36,Volume_4/1_source_pages/page_247,1,21,22,0.0330
2026-06-20T05:55:39,Volume_4/1_source_pages/page_246,1,24,25,0.0375
2026-06-20T05:55:43,Volume_4/1_source_pages/page_244,1,29,30,0.0450
2026-06-20T05:55:47,Volume_4/1_source_pages/page_248,1,26,27,0.0405
2026-06-20T05:55:49,Volume_4/1_source_pages/page_250,1,25,26,0.0390
2026-06-20T05:55:49,Volume_4/1_source_pages/page_249,1,25,26,0.0390
2026-06-20T05:55:54,Volume_4/1_source_pages/page_253,1,20,21,0.0315
2026-06-20T05:56:03,Volume_4/1_source_pages/page_255,1,20,21,0.0315
2026-06-20T05:56:03,Volume_4/1_source_pages/page_256,1,20,21,0.0315
2026-06-20T05:56:06,Volume_4/1_source_pages/page_254,1,23,24,0.0360
2026-06-20T05:56:06,Volume_4/1_source_pages/page_252,1,27,28,0.0420
2026-06-20T05:56:07,Volume_4/1_source_pages/page_251,1,28,29,0.0435
2026-06-20T05:56:18,Volume_4/1_source_pages/page_257,1,27,28,0.0420
2026-06-20T05:56:19,Volume_4/1_source_pages/page_259,1,24,25,0.0375
2026-06-20T05:56:20,Volume_4/2_post_pages/page_272,1,4,5,0.0075
2026-06-20T05:56:22,Volume_4/1_source_pages/page_258,1,25,26,0.0390
2026-06-20T05:56:26,Volume_4/1_source_pages/page_260,1,24,25,0.0375
2026-06-20T05:56:37,Volume_4/1_source_pages/page_261,1,23,24,0.0360
2026-06-20T05:56:43,Volume_4/1_source_pages/page_262,1,25,26,0.0390
2026-06-20T05:56:45,Volume_4/1_source_pages/page_264,1,22,23,0.0345
2026-06-20T05:56:46,Volume_4/1_source_pages/page_265,1,22,23,0.0345
2026-06-20T05:56:54,Volume_4/1_source_pages/page_263,1,28,29,0.0435
2026-06-20T05:56:58,Volume_4/1_source_pages/page_266,1,26,27,0.0405
2026-06-20T05:56:58,Volume_4/1_source_pages/page_268,1,20,21,0.0315
2026-06-20T05:57:03,Volume_4/1_source_pages/page_269,1,22,23,0.0345
2026-06-20T05:57:08,Volume_4/1_source_pages/page_271,1,24,25,0.0375
2026-06-20T05:57:11,Volume_4/1_source_pages/page_267,1,30,31,0.0465
2026-06-20T05:57:13,Volume_4/1_source_pages/page_270,1,26,27,0.0405
